districtCode,cityCode,townCode,townName,districtName
,4900,,제주시 한림읍,제주시갑
,4900,,제주시 애월읍,제주시갑
,4900,,제주시 한경면,제주시갑
,4900,,제주시 추자면,제주시갑
,4900,,제주시 삼도1동,제주시갑
,4900,,제주시 삼도2동,제주시갑
,4900,,제주시 용담1동,제주시갑
,4900,,제주시 용담2동,제주시갑
,4900,,제주시 오라동,제주시갑
,4900,,제주시 연동,제주시갑
,4900,,제주시 노형동,제주시갑
,4900,,제주시 외도동,제주시갑
,4900,,제주시 이호동,제주시갑
,4900,,제주시 도두동,제주시갑
,4900,,제주시 구좌읍,제주시을
,4900,,제주시 조천읍,제주시을
,4900,,제주시 우도면,제주시을
,4900,,제주시 일도1동,제주시을
,4900,,제주시 일도2동,제주시을
,4900,,제주시 이도1동,제주시을
,4900,,제주시 이도2동,제주시을
,4900,,제주시 건입동,제주시을
,4900,,제주시 화북동,제주시을
,4900,,제주시 삼양동,제주시을
,4900,,제주시 봉개동,제주시을
,4900,,제주시 아라동,제주시을
,4900,,서귀포시 대정읍,서귀포시
,4900,,서귀포시 남원읍,서귀포시
,4900,,서귀포시 성산읍,서귀포시
,4900,,서귀포시 안덕면,서귀포시
,4900,,서귀포시 표선면,서귀포시
,4900,,서귀포시 송산동,서귀포시
,4900,,서귀포시 정방동,서귀포시
,4900,,서귀포시 중앙동,서귀포시
,4900,,서귀포시 천지동,서귀포시
,4900,,서귀포시 효돈동,서귀포시
,4900,,서귀포시 영천동,서귀포시
,4900,,서귀포시 동홍동,서귀포시
,4900,,서귀포시 서홍동,서귀포시
,4900,,서귀포시 대륜동,서귀포시
,4900,,서귀포시 대천동,서귀포시
,4900,,서귀포시 중문동,서귀포시
,4900,,서귀포시 예래동,서귀포시
,4300,,청주시상당구 낭성면,청주시상당구
,4300,,청주시상당구 미원면,청주시상당구
,4300,,청주시상당구 가덕면,청주시상당구
,4300,,청주시상당구 남일면,청주시상당구
,4300,,청주시상당구 문의면,청주시상당구
,4300,,청주시상당구 중앙동,청주시상당구
,4300,,청주시상당구 성안동,청주시상당구
,4300,,청주시상당구 탑·대성동,청주시상당구
,4300,,청주시상당구 영운동,청주시상당구
,4300,,청주시상당구 금천동,청주시상당구
,4300,,청주시상당구 용담·명암·산성동,청주시상당구
,4300,,청주시상당구 용암제1동,청주시상당구
,4500,,전주시완산구 중앙동,전주시갑
,4500,,전주시완산구 풍남동,전주시갑
,4500,,전주시완산구 노송동,전주시갑
,4500,,전주시완산구 완산동,전주시갑
,4500,,전주시완산구 동서학동,전주시갑
,4500,,전주시완산구 서서학동,전주시갑
,4500,,전주시완산구 중화산1동,전주시갑
,4500,,전주시완산구 중화산2동,전주시갑
,4500,,전주시완산구 평화1동,전주시갑
,4500,,전주시완산구 평화2동,전주시갑
,4400,,천안시동남구 목천읍,천안시갑
,4400,,천안시동남구 북면,천안시갑
,4400,,천안시동남구 성남면,천안시갑
,4400,,천안시동남구 수신면,천안시갑
,4400,,천안시동남구 병천면,천안시갑
,4400,,천안시동남구 동면,천안시갑
,4400,,천안시동남구 중앙동,천안시갑
,4400,,천안시동남구 문성동,천안시갑
,4400,,천안시동남구 원성1동,천안시갑
,4400,,천안시동남구 원성2동,천안시갑
,4400,,천안시동남구 봉명동,천안시갑
,4400,,천안시동남구 일봉동,천안시갑
,4400,,천안시동남구 신안동,천안시갑
,4400,,천안시동남구 성정1동,천안시갑
,4400,,천안시동남구 성정2동,천안시갑
,4400,,천안시서북구 성환읍,천안시을
,4300,,청주시상당구 용암제2동,청주시상당구
,4300,,청주시서원구 남이면,청주시서원구
,4300,,청주시서원구 현도면,청주시서원구
,4300,,청주시서원구 사직1동,청주시서원구
,4300,,청주시서원구 사직2동,청주시서원구
,4300,,청주시서원구 사창동,청주시서원구
,4300,,청주시서원구 모충동,청주시서원구
,4300,,청주시서원구 산남동,청주시서원구
,4300,,청주시서원구 분평동,청주시서원구
,4300,,청주시서원구 수곡1동,청주시서원구
,4300,,청주시서원구 수곡2동,청주시서원구
,4300,,청주시서원구 성화·개신·죽림동,청주시서원구
,4300,,청주시흥덕구 오송읍,청주시흥덕구
,4300,,청주시흥덕구 강내면,청주시흥덕구
,4300,,청주시흥덕구 옥산면,청주시흥덕구
,4300,,청주시흥덕구 운천·신봉동,청주시흥덕구
,4300,,청주시흥덕구 복대제1동,청주시흥덕구
,4300,,청주시흥덕구 복대제2동,청주시흥덕구
,4300,,청주시흥덕구 가경동,청주시흥덕구
,4300,,청주시흥덕구 봉명제1동,청주시흥덕구
,4300,,청주시흥덕구 봉명제2·송정동,청주시흥덕구
,4300,,청주시흥덕구 강서제1동,청주시흥덕구
,4300,,청주시흥덕구 강서제2동,청주시흥덕구
,4500,,전주시완산구 인후3동,전주시갑
,4500,,전주시완산구 서신동,전주시을
,4500,,전주시완산구 삼천1동,전주시을
,4500,,전주시완산구 삼천2동,전주시을
,4500,,전주시완산구 삼천3동,전주시을
,4500,,전주시완산구 효자1동,전주시을
,4500,,전주시완산구 효자2동,전주시을
,4500,,전주시완산구 효자3동,전주시을
,4500,,전주시완산구 효자4동,전주시을
,4500,,전주시덕진구 진북동,전주시병
,4500,,전주시덕진구 인후1동,전주시병
,4500,,전주시덕진구 인후2동,전주시병
,4500,,전주시덕진구 덕진동,전주시병
,4500,,전주시덕진구 금암1동,전주시병
,4500,,전주시덕진구 금암2동,전주시병
,4500,,전주시덕진구 팔복동,전주시병
,4500,,전주시덕진구 우아1동,전주시병
,4500,,전주시덕진구 우아2동,전주시병
,4500,,전주시덕진구 호성동,전주시병
,4400,,천안시서북구 성거읍,천안시을
,4400,,천안시서북구 직산읍,천안시을
,4400,,천안시서북구 입장면,천안시을
,4400,,천안시서북구 백석동,천안시을
,4400,,천안시서북구 불당동,천안시을
,4400,,천안시서북구 부성1동,천안시을
,4400,,천안시서북구 부성2동,천안시을
,4400,,천안시동남구 풍세면,천안시병
,4400,,천안시동남구 광덕면,천안시병
,4400,,천안시동남구 신방동,천안시병
,4400,,천안시동남구 청룡동,천안시병
,4400,,천안시동남구 쌍용1동,천안시병
,4400,,천안시동남구 쌍용2동,천안시병
,4400,,천안시동남구 쌍용3동,천안시병
,4400,,공주시 유구읍,공주시부여군청양군
,4400,,공주시 이인면,공주시부여군청양군
,4400,,공주시 탄천면,공주시부여군청양군
,4400,,공주시 계룡면,공주시부여군청양군
,4400,,공주시 반포면,공주시부여군청양군
,4400,,공주시 의당면,공주시부여군청양군
,4200,,춘천시 신북읍,춘천시
,4200,,춘천시 동면,춘천시
,4200,,춘천시 동산면,춘천시
,4200,,춘천시 신동면,춘천시
,4200,,춘천시 동내면,춘천시
,4200,,춘천시 남면,춘천시
,4200,,춘천시 남산면,춘천시
,4200,,춘천시 서면,춘천시
,4200,,춘천시 사북면,춘천시
,4200,,춘천시 북산면,춘천시
,4200,,춘천시 소양동,춘천시
,4200,,춘천시 교동,춘천시
,4200,,춘천시 조운동,춘천시
,4200,,춘천시 약사명동,춘천시
,4200,,춘천시 근화동,춘천시
,4200,,춘천시 후평1동,춘천시
,4200,,춘천시 후평2동,춘천시
,4200,,춘천시 후평3동,춘천시
,4200,,춘천시 효자1동,춘천시
,4200,,춘천시 효자2동,춘천시
,4700,,포항시북구 흥해읍,포항시북구
,4700,,포항시북구 신광면,포항시북구
,4700,,포항시북구 청하면,포항시북구
,4700,,포항시북구 송라면,포항시북구
,4700,,포항시북구 기계면,포항시북구
,4700,,포항시북구 죽장면,포항시북구
,4700,,포항시북구 기북면,포항시북구
,4700,,포항시북구 중앙동,포항시북구
,4700,,포항시북구 양학동,포항시북구
,4700,,포항시북구 죽도동,포항시북구
,4700,,포항시북구 용흥동,포항시북구
,4700,,포항시북구 우창동,포항시북구
,4700,,포항시북구 두호동,포항시북구
,4700,,포항시북구 장량동,포항시북구
,4700,,포항시북구 환여동,포항시북구
,4700,,포항시남구 구룡포읍,포항시남구울릉군
,4300,,청주시청원구 내수읍,청주시청원구
,4300,,청주시청원구 오창읍,청주시청원구
,4300,,청주시청원구 북이면,청주시청원구
,4300,,청주시청원구 우암동,청주시청원구
,4300,,청주시청원구 내덕제1동,청주시청원구
,4300,,청주시청원구 내덕제2동,청주시청원구
,4300,,청주시청원구 율량·사천동,청주시청원구
,4300,,청주시청원구 오근장동,청주시청원구
,4300,,충주시 주덕읍,충주시
,4300,,충주시 살미면,충주시
,4300,,충주시 수안보면,충주시
,4300,,충주시 대소원면,충주시
,4300,,충주시 신니면,충주시
,4300,,충주시 노은면,충주시
,4300,,충주시 앙성면,충주시
,4300,,충주시 중앙탑면,충주시
,4300,,충주시 금가면,충주시
,4300,,충주시 동량면,충주시
,4500,,전주시덕진구 송천1동,전주시병
,4500,,전주시덕진구 송천2동,전주시병
,4500,,전주시덕진구 조촌동,전주시병
,4500,,전주시덕진구 동산동,전주시병
,4500,,군산시 옥구읍,군산시
,4500,,군산시 옥산면,군산시
,4500,,군산시 회현면,군산시
,4500,,군산시 임피면,군산시
,4500,,군산시 서수면,군산시
,4500,,군산시 대야면,군산시
,4500,,군산시 개정면,군산시
,4500,,군산시 성산면,군산시
,4500,,군산시 나포면,군산시
,4500,,군산시 옥도면,군산시
,4500,,군산시 옥서면,군산시
,4500,,군산시 해신동,군산시
,4400,,공주시 정안면,공주시부여군청양군
,4400,,공주시 우성면,공주시부여군청양군
,4400,,공주시 사곡면,공주시부여군청양군
,4400,,공주시 신풍면,공주시부여군청양군
,4400,,공주시 중학동,공주시부여군청양군
,4400,,공주시 웅진동,공주시부여군청양군
,4400,,공주시 금학동,공주시부여군청양군
,4400,,공주시 옥룡동,공주시부여군청양군
,4400,,공주시 신관동,공주시부여군청양군
,4400,,공주시 월송동,공주시부여군청양군
,4400,,부여군 부여읍,공주시부여군청양군
,4400,,부여군 규암면,공주시부여군청양군
,4400,,부여군 은산면,공주시부여군청양군
,4400,,부여군 외산면,공주시부여군청양군
,4400,,부여군 내산면,공주시부여군청양군
,4400,,부여군 구룡면,공주시부여군청양군
,4400,,부여군 홍산면,공주시부여군청양군
,4400,,부여군 옥산면,공주시부여군청양군
,4400,,부여군 남면,공주시부여군청양군
,4400,,부여군 충화면,공주시부여군청양군
,4400,,부여군 양화면,공주시부여군청양군
,4400,,부여군 임천면,공주시부여군청양군
,4400,,부여군 장암면,공주시부여군청양군
,4800,,창원시의창구 동읍,창원시의창구
,4800,,창원시의창구 북면,창원시의창구
,4800,,창원시의창구 대산면,창원시의창구
,4800,,창원시의창구 의창동,창원시의창구
,4800,,창원시의창구 팔룡동,창원시의창구
,4800,,창원시의창구 명곡동,창원시의창구
,4800,,창원시의창구 봉림동,창원시의창구
,4800,,창원시의창구 용지동,창원시의창구
,4800,,창원시성산구 반송동,창원시성산구
,4800,,창원시성산구 중앙동,창원시성산구
,4800,,창원시성산구 상남동,창원시성산구
,4800,,창원시성산구 사파동,창원시성산구
,4800,,창원시성산구 가음정동,창원시성산구
,4800,,창원시성산구 성주동,창원시성산구
,4800,,창원시성산구 웅남동,창원시성산구
,4800,,창원시마산합포구 구산면,창원시마산합포구
,4800,,창원시마산합포구 진동면,창원시마산합포구
,4200,,춘천시 효자3동,춘천시
,4200,,춘천시 석사동,춘천시
,4200,,춘천시 퇴계동,춘천시
,4200,,춘천시 강남동,춘천시
,4200,,춘천시 신사우동,춘천시
,4200,,원주시 문막읍,원주시갑
,4200,,원주시 호저면,원주시갑
,4200,,원주시 지정면,원주시갑
,4200,,원주시 부론면,원주시갑
,4200,,원주시 귀래면,원주시갑
,4200,,원주시 중앙동,원주시갑
,4200,,원주시 원인동,원주시갑
,4200,,원주시 일산동,원주시갑
,4200,,원주시 학성동,원주시갑
,4200,,원주시 단계동,원주시갑
,4200,,원주시 우산동,원주시갑
,4200,,원주시 태장1동,원주시갑
,4600,,목포시 용당1동,목포시
,4600,,목포시 용당2동,목포시
,4600,,목포시 연동,목포시
,4600,,목포시 산정동,목포시
,4600,,목포시 연산동,목포시
,4600,,목포시 원산동,목포시
,4600,,목포시 대성동,목포시
,4600,,목포시 목원동,목포시
,4600,,목포시 동명동,목포시
,4600,,목포시 삼학동,목포시
,4600,,목포시 만호동,목포시
,4600,,목포시 유달동,목포시
,4600,,목포시 죽교동,목포시
,4600,,목포시 북항동,목포시
,4600,,목포시 용해동,목포시
,4600,,목포시 이로동,목포시
,4600,,목포시 상동,목포시
,4600,,목포시 하당동,목포시
,4600,,목포시 신흥동,목포시
,4700,,포항시남구 연일읍,포항시남구울릉군
,4700,,포항시남구 오천읍,포항시남구울릉군
,4700,,포항시남구 대송면,포항시남구울릉군
,4700,,포항시남구 동해면,포항시남구울릉군
,4700,,포항시남구 장기면,포항시남구울릉군
,4700,,포항시남구 호미곶면,포항시남구울릉군
,4700,,포항시남구 상대동,포항시남구울릉군
,4700,,포항시남구 해도동,포항시남구울릉군
,4700,,포항시남구 송도동,포항시남구울릉군
,4700,,포항시남구 청림동,포항시남구울릉군
,4700,,포항시남구 제철동,포항시남구울릉군
,4700,,포항시남구 효곡동,포항시남구울릉군
,4700,,포항시남구 대이동,포항시남구울릉군
,4700,,울릉군 울릉읍,포항시남구울릉군
,4700,,울릉군 서면,포항시남구울릉군
,4300,,충주시 산척면,충주시
,4300,,충주시 엄정면,충주시
,4300,,충주시 소태면,충주시
,4300,,충주시 성내·충인동,충주시
,4300,,충주시 교현·안림동,충주시
,4300,,충주시 교현2동,충주시
,4300,,충주시 용산동,충주시
,4300,,충주시 지현동,충주시
,4300,,충주시 문화동,충주시
,4300,,충주시 호암·직동,충주시
,4300,,충주시 달천동,충주시
,4300,,충주시 봉방동,충주시
,4300,,충주시 칠금·금릉동,충주시
,4300,,충주시 연수동,충주시
,4300,,충주시 목행·용탄동,충주시
,4300,,제천시 봉양읍,제천시단양군
,4300,,제천시 금성면,제천시단양군
,4300,,제천시 청풍면,제천시단양군
,4300,,제천시 수산면,제천시단양군
,4300,,제천시 덕산면,제천시단양군
,4300,,제천시 한수면,제천시단양군
,4300,,제천시 백운면,제천시단양군
,4300,,제천시 송학면,제천시단양군
,4500,,군산시 월명동,군산시
,4500,,군산시 삼학동,군산시
,4500,,군산시 신풍동,군산시
,4500,,군산시 중앙동,군산시
,4500,,군산시 흥남동,군산시
,4500,,군산시 조촌동,군산시
,4500,,군산시 경암동,군산시
,4500,,군산시 구암동,군산시
,4500,,군산시 개정동,군산시
,4500,,군산시 수송동,군산시
,4500,,군산시 나운1동,군산시
,4500,,군산시 나운2동,군산시
,4500,,군산시 나운3동,군산시
,4500,,군산시 소룡동,군산시
,4500,,군산시 미성동,군산시
,4500,,익산시 함열읍,익산시갑
,4500,,익산시 오산면,익산시갑
,4500,,익산시 황등면,익산시갑
,4400,,부여군 세도면,공주시부여군청양군
,4400,,부여군 석성면,공주시부여군청양군
,4400,,부여군 초촌면,공주시부여군청양군
,4400,,청양군 청양읍,공주시부여군청양군
,4400,,청양군 운곡면,공주시부여군청양군
,4400,,청양군 대치면,공주시부여군청양군
,4400,,청양군 정산면,공주시부여군청양군
,4400,,청양군 목면,공주시부여군청양군
,4400,,청양군 청남면,공주시부여군청양군
,4400,,청양군 장평면,공주시부여군청양군
,4400,,청양군 남양면,공주시부여군청양군
,4400,,청양군 화성면,공주시부여군청양군
,4400,,청양군 비봉면,공주시부여군청양군
,4400,,보령시 웅천읍,보령시서천군
,4400,,보령시 주포면,보령시서천군
,4400,,보령시 주교면,보령시서천군
,4400,,보령시 오천면,보령시서천군
,4400,,보령시 천북면,보령시서천군
,4400,,보령시 청소면,보령시서천군
,4400,,보령시 청라면,보령시서천군
,4400,,보령시 남포면,보령시서천군
,4400,,보령시 주산면,보령시서천군
,4800,,창원시마산합포구 진북면,창원시마산합포구
,4800,,창원시마산합포구 진전면,창원시마산합포구
,4800,,창원시마산합포구 현동,창원시마산합포구
,4800,,창원시마산합포구 가포동,창원시마산합포구
,4800,,창원시마산합포구 월영동,창원시마산합포구
,4800,,창원시마산합포구 문화동,창원시마산합포구
,4800,,창원시마산합포구 반월동,창원시마산합포구
,4800,,창원시마산합포구 중앙동,창원시마산합포구
,4800,,창원시마산합포구 완월동,창원시마산합포구
,4800,,창원시마산합포구 자산동,창원시마산합포구
,4800,,창원시마산합포구 동서동,창원시마산합포구
,4800,,창원시마산합포구 성호동,창원시마산합포구
,4800,,창원시마산합포구 교방동,창원시마산합포구
,4800,,창원시마산합포구 노산동,창원시마산합포구
,4800,,창원시마산합포구 오동동,창원시마산합포구
,4800,,창원시마산합포구 합포동,창원시마산합포구
,4200,,원주시 태장2동,원주시갑
,4200,,원주시 무실동,원주시갑
,4200,,원주시 소초면,원주시을
,4200,,원주시 흥업면,원주시을
,4200,,원주시 판부면,원주시을
,4200,,원주시 신림면,원주시을
,4200,,원주시 개운동,원주시을
,4200,,원주시 명륜1동,원주시을
,4200,,원주시 명륜2동,원주시을
,4200,,원주시 단구동,원주시을
,4200,,원주시 봉산동,원주시을
,4200,,원주시 행구동,원주시을
,4200,,원주시 반곡관설동,원주시을
,4200,,강릉시 주문진읍,강릉시
,4200,,강릉시 성산면,강릉시
,4200,,강릉시 왕산면,강릉시
,4200,,강릉시 구정면,강릉시
,4200,,강릉시 강동면,강릉시
,4200,,강릉시 옥계면,강릉시
,4200,,강릉시 사천면,강릉시
,4200,,강릉시 연곡면,강릉시
,4200,,강릉시 홍제동,강릉시
,4600,,목포시 삼향동,목포시
,4600,,목포시 옥암동,목포시
,4600,,목포시 부흥동,목포시
,4600,,목포시 부주동,목포시
,4600,,여수시 돌산읍,여수시갑
,4600,,여수시 남면,여수시갑
,4600,,여수시 삼산면,여수시갑
,4600,,여수시 동문동,여수시갑
,4600,,여수시 한려동,여수시갑
,4600,,여수시 중앙동,여수시갑
,4600,,여수시 충무동,여수시갑
,4600,,여수시 광림동,여수시갑
,4600,,여수시 서강동,여수시갑
,4600,,여수시 대교동,여수시갑
,4600,,여수시 국동,여수시갑
,4600,,여수시 월호동,여수시갑
,4600,,여수시 여서동,여수시갑
,4600,,여수시 문수동,여수시갑
,4600,,여수시 미평동,여수시갑
,4600,,여수시 만덕동,여수시갑
,4600,,여수시 소라면,여수시을
,4700,,울릉군 북면,포항시남구울릉군
,4700,,경주시 감포읍,경주시
,4700,,경주시 안강읍,경주시
,4700,,경주시 건천읍,경주시
,4700,,경주시 외동읍,경주시
,4700,,경주시 양북면,경주시
,4700,,경주시 양남면,경주시
,4700,,경주시 내남면,경주시
,4700,,경주시 산내면,경주시
,4700,,경주시 서면,경주시
,4700,,경주시 현곡면,경주시
,4700,,경주시 강동면,경주시
,4700,,경주시 천북면,경주시
,4700,,경주시 중부동,경주시
,4700,,경주시 황오동,경주시
,4300,,제천시 교동,제천시단양군
,4300,,제천시 의암동,제천시단양군
,4300,,제천시 인성동,제천시단양군
,4300,,제천시 남현동,제천시단양군
,4300,,제천시 영서동,제천시단양군
,4300,,제천시 용두동,제천시단양군
,4300,,제천시 신백동,제천시단양군
,4300,,제천시 청전동,제천시단양군
,4300,,제천시 화산동,제천시단양군
,4300,,단양군 단양읍,제천시단양군
,4300,,단양군 매포읍,제천시단양군
,4300,,단양군 단성면,제천시단양군
,4300,,단양군 대강면,제천시단양군
,4300,,단양군 가곡면,제천시단양군
,4300,,단양군 영춘면,제천시단양군
,4300,,단양군 어상천면,제천시단양군
,4300,,단양군 적성면,제천시단양군
,4300,,영동군 영동읍,보은군옥천군영동군괴산군
,4300,,영동군 용산면,보은군옥천군영동군괴산군
,4300,,영동군 황간면,보은군옥천군영동군괴산군
,4300,,영동군 추풍령면,보은군옥천군영동군괴산군
,4300,,영동군 매곡면,보은군옥천군영동군괴산군
,4500,,익산시 함라면,익산시갑
,4500,,익산시 웅포면,익산시갑
,4500,,익산시 성당면,익산시갑
,4500,,익산시 용안면,익산시갑
,4500,,익산시 용동면,익산시갑
,4500,,익산시 중앙동,익산시갑
,4500,,익산시 평화동,익산시갑
,4500,,익산시 인화동,익산시갑
,4500,,익산시 마동,익산시갑
,4500,,익산시 남중동,익산시갑
,4500,,익산시 모현동,익산시갑
,4500,,익산시 송학동,익산시갑
,4500,,익산시 신동,익산시갑
,4500,,익산시 낭산면,익산시을
,4500,,익산시 망성면,익산시을
,4500,,익산시 여산면,익산시을
,4500,,익산시 금마면,익산시을
,4500,,익산시 왕궁면,익산시을
,4500,,익산시 춘포면,익산시을
,4500,,익산시 삼기면,익산시을
,4500,,익산시 동산동,익산시을
,4500,,익산시 영등1동,익산시을
,4500,,익산시 영등2동,익산시을
,4100,,수원시장안구 파장동,수원시갑
,4100,,수원시장안구 정자1동,수원시갑
,4100,,수원시장안구 정자2동,수원시갑
,4100,,수원시장안구 정자3동,수원시갑
,4100,,수원시장안구 영화동,수원시갑
,4100,,수원시장안구 송죽동,수원시갑
,3100,,중구 학성동,중구
,3100,,중구 반구1동,중구
,3100,,중구 반구2동,중구
,3100,,중구 복산1동,중구
,3100,,중구 복산2동,중구
,3100,,중구 성안동,중구
,3100,,중구 중앙동,중구
,3100,,중구 우정동,중구
,3100,,중구 태화동,중구
,3100,,중구 다운동,중구
,3100,,중구 병영1동,중구
,3100,,중구 병영2동,중구
,3100,,중구 약사동,중구
,3100,,남구 신정1동,남구갑
,3100,,남구 신정2동,남구갑
,3100,,남구 신정3동,남구갑
,3100,,남구 신정4동,남구갑
,3100,,남구 신정5동,남구갑
,3100,,남구 삼호동,남구갑
,3100,,남구 무거동,남구갑
,5100,,세종특별자치시 조치원읍,세종특별자치시
,5100,,세종특별자치시 연기면,세종특별자치시
,5100,,세종특별자치시 연동면,세종특별자치시
,5100,,세종특별자치시 부강면,세종특별자치시
,5100,,세종특별자치시 금남면,세종특별자치시
,5100,,세종특별자치시 장군면,세종특별자치시
,5100,,세종특별자치시 연서면,세종특별자치시
,5100,,세종특별자치시 전의면,세종특별자치시
,5100,,세종특별자치시 전동면,세종특별자치시
,5100,,세종특별자치시 소정면,세종특별자치시
,5100,,세종특별자치시 한솔동,세종특별자치시
,5100,,세종특별자치시 도담동,세종특별자치시
,5100,,세종특별자치시 아름동,세종특별자치시
,2900,,남구 봉선1동,동구남구갑
,2900,,남구 봉선2동,동구남구갑
,2900,,남구 월산동,동구남구갑
,2900,,남구 월산4동,동구남구갑
,2900,,남구 월산5동,동구남구갑
,2900,,남구 주월1동,동구남구갑
,2900,,남구 주월2동,동구남구갑
,2900,,남구 효덕동,동구남구갑
,2900,,남구 송암동,동구남구갑
,2900,,남구 대촌동,동구남구갑
,2900,,동구 충장동,동구남구을
,2900,,동구 동명동,동구남구을
,2900,,동구 계림1동,동구남구을
,2900,,동구 계림2동,동구남구을
,2900,,동구 산수1동,동구남구을
,2900,,동구 산수2동,동구남구을
,2900,,동구 지산1동,동구남구을
,4400,,보령시 미산면,보령시서천군
,4400,,보령시 성주면,보령시서천군
,4400,,보령시 대천1동,보령시서천군
,4400,,보령시 대천2동,보령시서천군
,4400,,보령시 대천3동,보령시서천군
,4400,,보령시 대천4동,보령시서천군
,4400,,보령시 대천5동,보령시서천군
,4400,,서천군 장항읍,보령시서천군
,4400,,서천군 서천읍,보령시서천군
,4400,,서천군 마서면,보령시서천군
,4400,,서천군 화양면,보령시서천군
,4400,,서천군 기산면,보령시서천군
,4400,,서천군 한산면,보령시서천군
,4400,,서천군 마산면,보령시서천군
,4800,,창원시마산합포구 산호동,창원시마산합포구
,4800,,창원시마산회원구 내서읍,창원시마산회원구
,4800,,창원시마산회원구 회원1동,창원시마산회원구
,4800,,창원시마산회원구 회원2동,창원시마산회원구
,4800,,창원시마산회원구 석전1동,창원시마산회원구
,4800,,창원시마산회원구 석전2동,창원시마산회원구
,4800,,창원시마산회원구 회성동,창원시마산회원구
,4800,,창원시마산회원구 양덕1동,창원시마산회원구
,4800,,창원시마산회원구 양덕2동,창원시마산회원구
,4800,,창원시마산회원구 합성1동,창원시마산회원구
,4800,,창원시마산회원구 합성2동,창원시마산회원구
,4800,,창원시마산회원구 구암1동,창원시마산회원구
,4800,,창원시마산회원구 구암2동,창원시마산회원구
,4800,,창원시마산회원구 봉암동,창원시마산회원구
,4800,,창원시진해구 중앙동,창원시진해구
,4200,,강릉시 중앙동,강릉시
,4200,,강릉시 옥천동,강릉시
,4200,,강릉시 교1동,강릉시
,4200,,강릉시 교2동,강릉시
,4200,,강릉시 포남1동,강릉시
,4200,,강릉시 포남2동,강릉시
,4200,,강릉시 초당동,강릉시
,4200,,강릉시 송정동,강릉시
,4200,,강릉시 내곡동,강릉시
,4200,,강릉시 강남동,강릉시
,4200,,강릉시 성덕동,강릉시
,4200,,강릉시 경포동,강릉시
,4200,,동해시 천곡동,동해시삼척시
,4200,,동해시 송정동,동해시삼척시
,4200,,동해시 북삼동,동해시삼척시
,4200,,동해시 부곡동,동해시삼척시
,4200,,동해시 동호동,동해시삼척시
,4200,,동해시 발한동,동해시삼척시
,4200,,동해시 묵호동,동해시삼척시
,4200,,동해시 북평동,동해시삼척시
,4200,,동해시 망상동,동해시삼척시
,4200,,동해시 삼화동,동해시삼척시
,4200,,삼척시 도계읍,동해시삼척시
,4600,,여수시 율촌면,여수시을
,4600,,여수시 화양면,여수시을
,4600,,여수시 화정면,여수시을
,4600,,여수시 둔덕동,여수시을
,4600,,여수시 쌍봉동,여수시을
,4600,,여수시 시전동,여수시을
,4600,,여수시 여천동,여수시을
,4600,,여수시 주삼동,여수시을
,4600,,여수시 삼일동,여수시을
,4600,,여수시 묘도동,여수시을
,4600,,순천시 승주읍,순천시
,4600,,순천시 주암면,순천시
,4600,,순천시 송광면,순천시
,4600,,순천시 외서면,순천시
,4600,,순천시 낙안면,순천시
,4600,,순천시 별량면,순천시
,4600,,순천시 상사면,순천시
,4600,,순천시 해룡면,순천시
,4600,,순천시 서면,순천시
,4600,,순천시 황전면,순천시
,4600,,순천시 월등면,순천시
,4600,,순천시 향동,순천시
,4600,,순천시 매곡동,순천시
,4600,,순천시 삼산동,순천시
,2600,,중구 중앙동,중구영도구
,2600,,중구 동광동,중구영도구
,2600,,중구 대청동,중구영도구
,2600,,중구 보수동,중구영도구
,2600,,중구 부평동,중구영도구
,2600,,중구 광복동,중구영도구
,2600,,중구 남포동,중구영도구
,2600,,중구 영주제1동,중구영도구
,2600,,중구 영주제2동,중구영도구
,2600,,영도구 남항동,중구영도구
,2600,,영도구 영선제1동,중구영도구
,2600,,영도구 영선제2동,중구영도구
,4700,,경주시 성건동,경주시
,4700,,경주시 황남동,경주시
,4700,,경주시 월성동,경주시
,4700,,경주시 선도동,경주시
,4700,,경주시 용강동,경주시
,4700,,경주시 황성동,경주시
,4700,,경주시 동천동,경주시
,4700,,경주시 불국동,경주시
,4700,,경주시 보덕동,경주시
,4700,,김천시 아포읍,김천시
,4700,,김천시 농소면,김천시
,4700,,김천시 남면,김천시
,4700,,김천시 개령면,김천시
,4700,,김천시 감문면,김천시
,4700,,김천시 어모면,김천시
,4700,,김천시 봉산면,김천시
,4700,,김천시 대항면,김천시
,4700,,김천시 감천면,김천시
,2700,,중구 동인동,중구남구
,2700,,중구 삼덕동,중구남구
,2700,,중구 성내1동,중구남구
,2700,,중구 성내2동,중구남구
,2700,,중구 성내3동,중구남구
,2700,,중구 대신동,중구남구
,2700,,중구 남산1동,중구남구
,2700,,중구 남산2동,중구남구
,2700,,중구 남산3동,중구남구
,2700,,중구 남산4동,중구남구
,2700,,중구 대봉1동,중구남구
,2700,,중구 대봉2동,중구남구
,2700,,남구 이천동,중구남구
,2800,,중구 신포동,중구동구강화군옹진군
,2800,,중구 연안동,중구동구강화군옹진군
,2800,,중구 신흥동,중구동구강화군옹진군
,2800,,중구 도원동,중구동구강화군옹진군
,2800,,중구 율목동,중구동구강화군옹진군
,2800,,중구 동인천동,중구동구강화군옹진군
,2800,,중구 북성동,중구동구강화군옹진군
,2800,,중구 송월동,중구동구강화군옹진군
,2800,,중구 영종동,중구동구강화군옹진군
,2800,,중구 운서동,중구동구강화군옹진군
,2800,,중구 용유동,중구동구강화군옹진군
,2800,,동구 만석동,중구동구강화군옹진군
,2800,,동구 화수1·화평동,중구동구강화군옹진군
,2800,,동구 화수2동,중구동구강화군옹진군
,2800,,동구 송현1·2동,중구동구강화군옹진군
,2800,,동구 송현3동,중구동구강화군옹진군
,2800,,동구 송림1동,중구동구강화군옹진군
,2800,,동구 송림2동,중구동구강화군옹진군
,2800,,동구 송림3·5동,중구동구강화군옹진군
,3000,,동구 중앙동,동구
,3000,,동구 신인동,동구
,3000,,동구 효동,동구
,3000,,동구 판암1동,동구
,3000,,동구 판암2동,동구
,3000,,동구 용운동,동구
,3000,,동구 대동,동구
,3000,,동구 자양동,동구
,3000,,동구 가양1동,동구
,3000,,동구 가양2동,동구
,3000,,동구 용전동,동구
,3000,,동구 성남동,동구
,3000,,동구 홍도동,동구
,3000,,동구 삼성동,동구
,3000,,동구 대청동,동구
,3000,,동구 산내동,동구
,3000,,중구 은행선화동,중구
,3000,,중구 목동,중구
,4300,,영동군 상촌면,보은군옥천군영동군괴산군
,4300,,영동군 양강면,보은군옥천군영동군괴산군
,4300,,영동군 용화면,보은군옥천군영동군괴산군
,4300,,영동군 학산면,보은군옥천군영동군괴산군
,4300,,영동군 양산면,보은군옥천군영동군괴산군
,4300,,영동군 심천면,보은군옥천군영동군괴산군
,4300,,보은군 보은읍,보은군옥천군영동군괴산군
,4300,,보은군 속리산면,보은군옥천군영동군괴산군
,4300,,보은군 장안면,보은군옥천군영동군괴산군
,4300,,보은군 마로면,보은군옥천군영동군괴산군
,4300,,보은군 탄부면,보은군옥천군영동군괴산군
,4300,,보은군 삼승면,보은군옥천군영동군괴산군
,4300,,보은군 수한면,보은군옥천군영동군괴산군
,4300,,보은군 회남면,보은군옥천군영동군괴산군
,4300,,보은군 회인면,보은군옥천군영동군괴산군
,4300,,보은군 내북면,보은군옥천군영동군괴산군
,4500,,익산시 어양동,익산시을
,4500,,익산시 팔봉동,익산시을
,4500,,익산시 삼성동,익산시을
,4500,,정읍시 신태인읍,정읍시고창군
,4500,,정읍시 북면,정읍시고창군
,4500,,정읍시 입암면,정읍시고창군
,4500,,정읍시 소성면,정읍시고창군
,4500,,정읍시 고부면,정읍시고창군
,4500,,정읍시 영원면,정읍시고창군
,4500,,정읍시 덕천면,정읍시고창군
,4500,,정읍시 이평면,정읍시고창군
,4500,,정읍시 정우면,정읍시고창군
,4500,,정읍시 태인면,정읍시고창군
,4500,,정읍시 감곡면,정읍시고창군
,4500,,정읍시 옹동면,정읍시고창군
,4500,,정읍시 칠보면,정읍시고창군
,4500,,정읍시 산내면,정읍시고창군
,4500,,정읍시 산외면,정읍시고창군
,4500,,정읍시 수성동,정읍시고창군
,4500,,정읍시 장명동,정읍시고창군
,4500,,정읍시 내장상동,정읍시고창군
,4100,,수원시장안구 조원1동,수원시갑
,4100,,수원시장안구 조원2동,수원시갑
,4100,,수원시장안구 연무동,수원시갑
,4100,,수원시권선구 평동,수원시을
,4100,,수원시권선구 서둔동,수원시을
,4100,,수원시권선구 구운동,수원시을
,4100,,수원시권선구 금곡동,수원시을
,4100,,수원시권선구 호매실동,수원시을
,4100,,수원시권선구 입북동,수원시을
,4100,,수원시권선구 율천동,수원시을
,4100,,수원시팔달구 행궁동,수원시병
,4100,,수원시팔달구 매교동,수원시병
,4100,,수원시팔달구 매산동,수원시병
,4100,,수원시팔달구 고등동,수원시병
,4100,,수원시팔달구 화서1동,수원시병
,4100,,수원시팔달구 화서2동,수원시병
,3100,,남구 옥동,남구갑
,3100,,남구 달동,남구을
,3100,,남구 삼산동,남구을
,3100,,남구 야음장생포동,남구을
,3100,,남구 대현동,남구을
,3100,,남구 수암동,남구을
,3100,,남구 선암동,남구을
,3100,,동구 방어동,동구
,3100,,동구 일산동,동구
,3100,,동구 화정동,동구
,3100,,동구 대송동,동구
,3100,,동구 전하1동,동구
,3100,,동구 전하2동,동구
,3100,,동구 남목1동,동구
,3100,,동구 남목2동,동구
,3100,,동구 남목3동,동구
,3100,,북구 농소1동,북구
,3100,,북구 농소2동,북구
,3100,,북구 농소3동,북구
,3100,,북구 강동동,북구
,3100,,북구 효문동,북구
,3100,,북구 송정동,북구
,2900,,동구 지산2동,동구남구을
,2900,,동구 서남동,동구남구을
,2900,,동구 학동,동구남구을
,2900,,동구 학운동,동구남구을
,2900,,동구 지원1동,동구남구을
,2900,,동구 지원2동,동구남구을
,2900,,동구 양림동,동구남구을
,2900,,동구 방림1동,동구남구을
,2900,,동구 방림2동,동구남구을
,2900,,동구 사직동,동구남구을
,2900,,동구 백운1동,동구남구을
,2900,,동구 백운2동,동구남구을
,2900,,서구 양동,서구갑
,2900,,서구 양3동,서구갑
,2900,,서구 농성1동,서구갑
,2900,,서구 농성2동,서구갑
,2900,,서구 광천동,서구갑
,4400,,서천군 시초면,보령시서천군
,4400,,서천군 문산면,보령시서천군
,4400,,서천군 판교면,보령시서천군
,4400,,서천군 종천면,보령시서천군
,4400,,서천군 비인면,보령시서천군
,4400,,서천군 서면,보령시서천군
,4400,,아산시 선장면,아산시갑
,4400,,아산시 도고면,아산시갑
,4400,,아산시 신창면,아산시갑
,4400,,아산시 온양1동,아산시갑
,4400,,아산시 온양2동,아산시갑
,4400,,아산시 온양3동,아산시갑
,4400,,아산시 온양4동,아산시갑
,4400,,아산시 온양5동,아산시갑
,4400,,아산시 온양6동,아산시갑
,4400,,아산시 염치읍,아산시을
,4400,,아산시 배방읍,아산시을
,4400,,아산시 송악면,아산시을
,4800,,창원시진해구 태평동,창원시진해구
,4800,,창원시진해구 충무동,창원시진해구
,4800,,창원시진해구 여좌동,창원시진해구
,4800,,창원시진해구 태백동,창원시진해구
,4800,,창원시진해구 경화동,창원시진해구
,4800,,창원시진해구 병암동,창원시진해구
,4800,,창원시진해구 석동,창원시진해구
,4800,,창원시진해구 이동,창원시진해구
,4800,,창원시진해구 자은동,창원시진해구
,4800,,창원시진해구 덕산동,창원시진해구
,4800,,창원시진해구 풍호동,창원시진해구
,4800,,창원시진해구 웅천동,창원시진해구
,4800,,창원시진해구 웅동1동,창원시진해구
,4800,,창원시진해구 웅동2동,창원시진해구
,4800,,진주시 문산읍,진주시갑
,4800,,진주시 내동면,진주시갑
,4800,,진주시 정촌면,진주시갑
,4200,,삼척시 원덕읍,동해시삼척시
,4200,,삼척시 근덕면,동해시삼척시
,4200,,삼척시 하장면,동해시삼척시
,4200,,삼척시 노곡면,동해시삼척시
,4200,,삼척시 미로면,동해시삼척시
,4200,,삼척시 가곡면,동해시삼척시
,4200,,삼척시 신기면,동해시삼척시
,4200,,삼척시 남양동,동해시삼척시
,4200,,삼척시 성내동,동해시삼척시
,4200,,삼척시 교동,동해시삼척시
,4200,,삼척시 정라동,동해시삼척시
,4200,,태백시 황지동,태백시횡성군영월군평창군정선군
,4200,,태백시 황연동,태백시횡성군영월군평창군정선군
,4200,,태백시 삼수동,태백시횡성군영월군평창군정선군
,4200,,태백시 상장동,태백시횡성군영월군평창군정선군
,4200,,태백시 문곡소도동,태백시횡성군영월군평창군정선군
,4200,,태백시 장성동,태백시횡성군영월군평창군정선군
,4200,,태백시 구문소동,태백시횡성군영월군평창군정선군
,4200,,태백시 철암동,태백시횡성군영월군평창군정선군
,4600,,순천시 조곡동,순천시
,4600,,순천시 덕연동,순천시
,4600,,순천시 풍덕동,순천시
,4600,,순천시 남제동,순천시
,4600,,순천시 저전동,순천시
,4600,,순천시 장천동,순천시
,4600,,순천시 중앙동,순천시
,4600,,순천시 도사동,순천시
,4600,,순천시 왕조1동,순천시
,4600,,순천시 왕조2동,순천시
,4600,,나주시 남평읍,나주시화순군
,4600,,나주시 세지면,나주시화순군
,4600,,나주시 왕곡면,나주시화순군
,4600,,나주시 반남면,나주시화순군
,4600,,나주시 공산면,나주시화순군
,4600,,나주시 동강면,나주시화순군
,4600,,나주시 다시면,나주시화순군
,4600,,나주시 문평면,나주시화순군
,4600,,나주시 노안면,나주시화순군
,4600,,나주시 금천면,나주시화순군
,4600,,나주시 산포면,나주시화순군
,4600,,나주시 다도면,나주시화순군
,2600,,영도구 신선동,중구영도구
,2600,,영도구 봉래제1동,중구영도구
,2600,,영도구 봉래제2동,중구영도구
,2600,,영도구 청학제1동,중구영도구
,2600,,영도구 청학제2동,중구영도구
,2600,,영도구 동삼제1동,중구영도구
,2600,,영도구 동삼제2동,중구영도구
,2600,,영도구 동삼제3동,중구영도구
,2600,,서구 동대신제1동,서구동구
,2600,,서구 동대신제2동,서구동구
,2600,,서구 동대신제3동,서구동구
,2600,,서구 서대신제1동,서구동구
,2600,,서구 서대신제3동,서구동구
,2600,,서구 서대신제4동,서구동구
,2600,,서구 부민동,서구동구
,2600,,서구 아미동,서구동구
,2600,,서구 초장동,서구동구
,2600,,서구 충무동,서구동구
,2600,,서구 남부민제1동,서구동구
,2600,,서구 남부민제2동,서구동구
,2600,,서구 암남동,서구동구
,2600,,동구 초량제1동,서구동구
,4700,,김천시 조마면,김천시
,4700,,김천시 구성면,김천시
,4700,,김천시 지례면,김천시
,4700,,김천시 부항면,김천시
,4700,,김천시 대덕면,김천시
,4700,,김천시 증산면,김천시
,4700,,김천시 자산동,김천시
,4700,,김천시 평화남산동,김천시
,4700,,김천시 양금동,김천시
,4700,,김천시 대신동,김천시
,4700,,김천시 대곡동,김천시
,4700,,김천시 지좌동,김천시
,4700,,김천시 율곡동,김천시
,4700,,안동시 풍산읍,안동시
,4700,,안동시 와룡면,안동시
,4700,,안동시 북후면,안동시
,4700,,안동시 서후면,안동시
,4700,,안동시 풍천면,안동시
,4700,,안동시 일직면,안동시
,4700,,안동시 남후면,안동시
,4700,,안동시 남선면,안동시
,4700,,안동시 임하면,안동시
,4700,,안동시 길안면,안동시
,4700,,안동시 임동면,안동시
,2700,,남구 봉덕1동,중구남구
,2700,,남구 봉덕2동,중구남구
,2700,,남구 봉덕3동,중구남구
,2700,,남구 대명1동,중구남구
,2700,,남구 대명2동,중구남구
,2700,,남구 대명3동,중구남구
,2700,,남구 대명4동,중구남구
,2700,,남구 대명5동,중구남구
,2700,,남구 대명6동,중구남구
,2700,,남구 대명9동,중구남구
,2700,,남구 대명10동,중구남구
,2700,,남구 대명11동,중구남구
,2700,,동구 신암1동,동구갑
,2700,,동구 신암2동,동구갑
,2700,,동구 신암3동,동구갑
,2800,,동구 송림4동,중구동구강화군옹진군
,2800,,동구 송림6동,중구동구강화군옹진군
,2800,,동구 금창동,중구동구강화군옹진군
,2800,,강화군 강화읍,중구동구강화군옹진군
,2800,,강화군 선원면,중구동구강화군옹진군
,2800,,강화군 불은면,중구동구강화군옹진군
,2800,,강화군 길상면,중구동구강화군옹진군
,2800,,강화군 화도면,중구동구강화군옹진군
,2800,,강화군 양도면,중구동구강화군옹진군
,2800,,강화군 내가면,중구동구강화군옹진군
,2800,,강화군 하점면,중구동구강화군옹진군
,2800,,강화군 양사면,중구동구강화군옹진군
,2800,,강화군 송해면,중구동구강화군옹진군
,2800,,강화군 교동면,중구동구강화군옹진군
,2800,,강화군 삼산면,중구동구강화군옹진군
,2800,,강화군 서도면,중구동구강화군옹진군
,2800,,옹진군 북도면,중구동구강화군옹진군
,2800,,옹진군 연평면,중구동구강화군옹진군
,2800,,옹진군 백령면,중구동구강화군옹진군
,2800,,옹진군 대청면,중구동구강화군옹진군
,2800,,옹진군 덕적면,중구동구강화군옹진군
,2800,,옹진군 자월면,중구동구강화군옹진군
,2800,,옹진군 영흥면,중구동구강화군옹진군
,3000,,중구 중촌동,중구
,3000,,중구 대흥동,중구
,3000,,중구 문창동,중구
,3000,,중구 석교동,중구
,3000,,중구 대사동,중구
,3000,,중구 부사동,중구
,3000,,중구 용두동,중구
,3000,,중구 오류동,중구
,3000,,중구 태평1동,중구
,3000,,중구 태평2동,중구
,3000,,중구 유천1동,중구
,3000,,중구 유천2동,중구
,3000,,중구 문화1동,중구
,3000,,중구 문화2동,중구
,3000,,중구 산성동,중구
,3000,,서구 복수동,서구갑
,3000,,서구 도마1동,서구갑
,3000,,서구 도마2동,서구갑
,3000,,서구 정림동,서구갑
,3000,,서구 변동,서구갑
,3000,,서구 괴정동,서구갑
,3000,,서구 가장동,서구갑
,4300,,보은군 산외면,보은군옥천군영동군괴산군
,4300,,옥천군 옥천읍,보은군옥천군영동군괴산군
,4300,,옥천군 동이면,보은군옥천군영동군괴산군
,4300,,옥천군 안남면,보은군옥천군영동군괴산군
,4300,,옥천군 안내면,보은군옥천군영동군괴산군
,4300,,옥천군 청성면,보은군옥천군영동군괴산군
,4300,,옥천군 청산면,보은군옥천군영동군괴산군
,4300,,옥천군 이원면,보은군옥천군영동군괴산군
,4300,,옥천군 군서면,보은군옥천군영동군괴산군
,4300,,옥천군 군북면,보은군옥천군영동군괴산군
,4300,,괴산군 괴산읍,보은군옥천군영동군괴산군
,4300,,괴산군 감물면,보은군옥천군영동군괴산군
,4300,,괴산군 장연면,보은군옥천군영동군괴산군
,4300,,괴산군 연풍면,보은군옥천군영동군괴산군
,4300,,괴산군 칠성면,보은군옥천군영동군괴산군
,4300,,괴산군 문광면,보은군옥천군영동군괴산군
,4300,,괴산군 청천면,보은군옥천군영동군괴산군
,4300,,괴산군 청안면,보은군옥천군영동군괴산군
,4300,,괴산군 사리면,보은군옥천군영동군괴산군
,4300,,괴산군 소수면,보은군옥천군영동군괴산군
,4500,,정읍시 시기동,정읍시고창군
,4500,,정읍시 초산동,정읍시고창군
,4500,,정읍시 연지동,정읍시고창군
,4500,,정읍시 농소동,정읍시고창군
,4500,,정읍시 상교동,정읍시고창군
,4500,,고창군 고창읍,정읍시고창군
,4500,,고창군 고수면,정읍시고창군
,4500,,고창군 아산면,정읍시고창군
,4500,,고창군 무장면,정읍시고창군
,4500,,고창군 공음면,정읍시고창군
,4500,,고창군 상하면,정읍시고창군
,4500,,고창군 해리면,정읍시고창군
,4500,,고창군 성송면,정읍시고창군
,4500,,고창군 대산면,정읍시고창군
,4500,,고창군 심원면,정읍시고창군
,4500,,고창군 흥덕면,정읍시고창군
,4500,,고창군 성내면,정읍시고창군
,4500,,고창군 신림면,정읍시고창군
,4500,,고창군 부안면,정읍시고창군
,4500,,남원시 운봉읍,남원시임실군순창군
,4500,,남원시 주천면,남원시임실군순창군
,4500,,남원시 수지면,남원시임실군순창군
,4500,,남원시 송동면,남원시임실군순창군
,4100,,수원시팔달구 지동,수원시병
,4100,,수원시팔달구 우만1동,수원시병
,4100,,수원시팔달구 우만2동,수원시병
,4100,,수원시팔달구 인계동,수원시병
,4100,,수원시영통구 매탄1동,수원시정
,4100,,수원시영통구 매탄2동,수원시정
,4100,,수원시영통구 매탄3동,수원시정
,4100,,수원시영통구 매탄4동,수원시정
,4100,,수원시영통구 원천동,수원시정
,4100,,수원시영통구 광교1동,수원시정
,4100,,수원시영통구 광교2동,수원시정
,4100,,수원시영통구 영통1동,수원시정
,3100,,북구 양정동,북구
,3100,,북구 염포동,북구
,3100,,울주군 범서읍,울주군
,3100,,울주군 온산읍,울주군
,3100,,울주군 언양읍,울주군
,3100,,울주군 온양읍,울주군
,3100,,울주군 서생면,울주군
,3100,,울주군 청량면,울주군
,3100,,울주군 웅촌면,울주군
,3100,,울주군 두동면,울주군
,3100,,울주군 두서면,울주군
,3100,,울주군 상북면,울주군
,3100,,울주군 삼남면,울주군
,2900,,서구 유덕동,서구갑
,2900,,서구 치평동,서구갑
,2900,,서구 상무1동,서구갑
,2900,,서구 화정1동,서구갑
,2900,,서구 화정2동,서구갑
,2900,,서구 동천동,서구갑
,2900,,서구 상무2동,서구을
,2900,,서구 화정3동,서구을
,2900,,서구 화정4동,서구을
,2900,,서구 서창동,서구을
,2900,,서구 금호1동,서구을
,2900,,서구 금호2동,서구을
,2900,,서구 풍암동,서구을
,2900,,북구 중흥1동,북구갑
,2900,,북구 중흥2동,북구갑
,2900,,북구 중흥3동,북구갑
,2900,,북구 중앙동,북구갑
,2900,,북구 임동,북구갑
,2900,,북구 신안동,북구갑
,2900,,북구 우산동,북구갑
,2900,,북구 풍향동,북구갑
,2900,,북구 문화동,북구갑
,4400,,아산시 탕정면,아산시을
,4400,,아산시 음봉면,아산시을
,4400,,아산시 둔포면,아산시을
,4400,,아산시 영인면,아산시을
,4400,,아산시 인주면,아산시을
,4400,,서산시 대산읍,서산시태안군
,4400,,서산시 인지면,서산시태안군
,4400,,서산시 부석면,서산시태안군
,4400,,서산시 팔봉면,서산시태안군
,4400,,서산시 지곡면,서산시태안군
,4400,,서산시 성연면,서산시태안군
,4400,,서산시 음암면,서산시태안군
,4400,,서산시 운산면,서산시태안군
,4800,,진주시 금곡면,진주시갑
,4800,,진주시 명석면,진주시갑
,4800,,진주시 대평면,진주시갑
,4800,,진주시 수곡면,진주시갑
,4800,,진주시 천전동,진주시갑
,4800,,진주시 성북동,진주시갑
,4800,,진주시 평거동,진주시갑
,4800,,진주시 신안동,진주시갑
,4800,,진주시 이현동,진주시갑
,4800,,진주시 판문동,진주시갑
,4800,,진주시 가호동,진주시갑
,4800,,진주시 충무공동,진주시갑
,4800,,진주시 진성면,진주시을
,4800,,진주시 일반성면,진주시을
,4200,,정선군 정선읍,태백시횡성군영월군평창군정선군
,4200,,정선군 고한읍,태백시횡성군영월군평창군정선군
,4200,,정선군 사북읍,태백시횡성군영월군평창군정선군
,4200,,정선군 신동읍,태백시횡성군영월군평창군정선군
,4200,,정선군 화암면,태백시횡성군영월군평창군정선군
,4200,,정선군 남면,태백시횡성군영월군평창군정선군
,4200,,정선군 여량면,태백시횡성군영월군평창군정선군
,4200,,정선군 북평면,태백시횡성군영월군평창군정선군
,4200,,정선군 임계면,태백시횡성군영월군평창군정선군
,4200,,횡성군 횡성읍,태백시횡성군영월군평창군정선군
,4200,,횡성군 우천면,태백시횡성군영월군평창군정선군
,4200,,횡성군 안흥면,태백시횡성군영월군평창군정선군
,4200,,횡성군 둔내면,태백시횡성군영월군평창군정선군
,4200,,횡성군 갑천면,태백시횡성군영월군평창군정선군
,4200,,횡성군 청일면,태백시횡성군영월군평창군정선군
,4200,,횡성군 공근면,태백시횡성군영월군평창군정선군
,4600,,나주시 봉황면,나주시화순군
,4600,,나주시 송월동,나주시화순군
,4600,,나주시 영강동,나주시화순군
,4600,,나주시 금남동,나주시화순군
,4600,,나주시 성북동,나주시화순군
,4600,,나주시 영산동,나주시화순군
,4600,,나주시 이창동,나주시화순군
,4600,,나주시 빛가람동,나주시화순군
,4600,,화순군 화순읍,나주시화순군
,4600,,화순군 한천면,나주시화순군
,4600,,화순군 춘양면,나주시화순군
,4600,,화순군 청풍면,나주시화순군
,4600,,화순군 이양면,나주시화순군
,4600,,화순군 능주면,나주시화순군
,4600,,화순군 도곡면,나주시화순군
,4600,,화순군 도암면,나주시화순군
,4600,,화순군 이서면,나주시화순군
,4600,,화순군 북면,나주시화순군
,4600,,화순군 동복면,나주시화순군
,4600,,화순군 남면,나주시화순군
,4600,,화순군 동면,나주시화순군
,4600,,광양시 광양읍,광양시곡성군구례군
,2600,,동구 초량제2동,서구동구
,2600,,동구 초량제3동,서구동구
,2600,,동구 초량제6동,서구동구
,2600,,동구 수정제1동,서구동구
,2600,,동구 수정제2동,서구동구
,2600,,동구 수정제4동,서구동구
,2600,,동구 수정제5동,서구동구
,2600,,동구 좌천동,서구동구
,2600,,동구 범일제1동,서구동구
,2600,,동구 범일제2동,서구동구
,2600,,동구 범일제5동,서구동구
,2600,,부산진구 부전제1동,부산진구갑
,2600,,부산진구 연지동,부산진구갑
,2600,,부산진구 초읍동,부산진구갑
,2600,,부산진구 양정제1동,부산진구갑
,2600,,부산진구 양정제2동,부산진구갑
,2600,,부산진구 부암제1동,부산진구갑
,2600,,부산진구 부암제3동,부산진구갑
,2600,,부산진구 당감제1동,부산진구갑
,2600,,부산진구 당감제2동,부산진구갑
,2600,,부산진구 당감제4동,부산진구갑
,2600,,부산진구 부전제2동,부산진구을
,4700,,안동시 예안면,안동시
,4700,,안동시 도산면,안동시
,4700,,안동시 녹전면,안동시
,4700,,안동시 중구동,안동시
,4700,,안동시 명륜동,안동시
,4700,,안동시 용상동,안동시
,4700,,안동시 서구동,안동시
,4700,,안동시 태화동,안동시
,4700,,안동시 평화동,안동시
,4700,,안동시 안기동,안동시
,4700,,안동시 옥동,안동시
,4700,,안동시 송하동,안동시
,4700,,안동시 강남동,안동시
,4700,,구미시 송정동,구미시갑
,4700,,구미시 원평1동,구미시갑
,4700,,구미시 원평2동,구미시갑
,4700,,구미시 지산동,구미시갑
,4700,,구미시 도량동,구미시갑
,2700,,동구 신암4동,동구갑
,2700,,동구 신암5동,동구갑
,2700,,동구 신천1·2동,동구갑
,2700,,동구 신천3동,동구갑
,2700,,동구 신천4동,동구갑
,2700,,동구 효목1동,동구갑
,2700,,동구 효목2동,동구갑
,2700,,동구 지저동,동구갑
,2700,,동구 동촌동,동구갑
,2700,,동구 도평동,동구을
,2700,,동구 불로·봉무동,동구을
,2700,,동구 방촌동,동구을
,2700,,동구 해안동,동구을
,2700,,동구 안심1동,동구을
,2700,,동구 안심2동,동구을
,2700,,동구 안심3·4동,동구을
,2700,,동구 공산동,동구을
,2800,,남구 도화1동,남구갑
,2800,,남구 도화2·3동,남구갑
,2800,,남구 주안1동,남구갑
,2800,,남구 주안2동,남구갑
,2800,,남구 주안3동,남구갑
,2800,,남구 주안4동,남구갑
,2800,,남구 주안5동,남구갑
,2800,,남구 주안6동,남구갑
,2800,,남구 주안7동,남구갑
,2800,,남구 주안8동,남구갑
,2800,,남구 숭의1·3동,남구을
,2800,,남구 숭의2동,남구을
,2800,,남구 숭의4동,남구을
,2800,,남구 용현1·4동,남구을
,2800,,남구 용현2동,남구을
,2800,,남구 용현3동,남구을
,2800,,남구 용현5동,남구을
,3000,,서구 내동,서구갑
,3000,,서구 가수원동,서구갑
,3000,,서구 관저1동,서구갑
,3000,,서구 관저2동,서구갑
,3000,,서구 기성동,서구갑
,3000,,서구 용문동,서구을
,3000,,서구 탄방동,서구을
,3000,,서구 둔산1동,서구을
,3000,,서구 둔산2동,서구을
,3000,,서구 둔산3동,서구을
,3000,,서구 갈마1동,서구을
,3000,,서구 갈마2동,서구을
,3000,,서구 월평1동,서구을
,3000,,서구 월평2동,서구을
,3000,,서구 월평3동,서구을
,3000,,서구 만년동,서구을
,3000,,유성구 진잠동,유성구갑
,3000,,유성구 원신흥동,유성구갑
,3000,,유성구 온천1동,유성구갑
,3000,,유성구 온천2동,유성구갑
,3000,,유성구 노은1동,유성구갑
,3000,,유성구 노은2동,유성구을
,4300,,괴산군 불정면,보은군옥천군영동군괴산군
,4300,,음성군 음성읍,증평군진천군음성군
,4300,,음성군 금왕읍,증평군진천군음성군
,4300,,음성군 소이면,증평군진천군음성군
,4300,,음성군 원남면,증평군진천군음성군
,4300,,음성군 맹동면,증평군진천군음성군
,4300,,음성군 대소면,증평군진천군음성군
,4300,,음성군 삼성면,증평군진천군음성군
,4300,,음성군 생극면,증평군진천군음성군
,4300,,음성군 감곡면,증평군진천군음성군
,4300,,진천군 진천읍,증평군진천군음성군
,4300,,진천군 덕산면,증평군진천군음성군
,4300,,진천군 초평면,증평군진천군음성군
,4300,,진천군 문백면,증평군진천군음성군
,4300,,진천군 백곡면,증평군진천군음성군
,4300,,진천군 이월면,증평군진천군음성군
,4300,,진천군 광혜원면,증평군진천군음성군
,4300,,증평군 증평읍,증평군진천군음성군
,4300,,증평군 도안면,증평군진천군음성군
,1100,,종로구 청운효자동,종로구
,1100,,종로구 사직동,종로구
,1100,,종로구 삼청동,종로구
,1100,,종로구 부암동,종로구
,1100,,종로구 평창동,종로구
,1100,,종로구 무악동,종로구
,1100,,종로구 교남동,종로구
,1100,,종로구 가회동,종로구
,1100,,종로구 종로1·2·3·4가동,종로구
,4500,,남원시 주생면,남원시임실군순창군
,4500,,남원시 금지면,남원시임실군순창군
,4500,,남원시 대강면,남원시임실군순창군
,4500,,남원시 대산면,남원시임실군순창군
,4500,,남원시 사매면,남원시임실군순창군
,4500,,남원시 덕과면,남원시임실군순창군
,4500,,남원시 보절면,남원시임실군순창군
,4500,,남원시 산동면,남원시임실군순창군
,4500,,남원시 이백면,남원시임실군순창군
,4500,,남원시 인월면,남원시임실군순창군
,4500,,남원시 아영면,남원시임실군순창군
,4500,,남원시 산내면,남원시임실군순창군
,4500,,남원시 동충동,남원시임실군순창군
,4500,,남원시 죽항동,남원시임실군순창군
,4500,,남원시 노암동,남원시임실군순창군
,4500,,남원시 금동,남원시임실군순창군
,4500,,남원시 왕정동,남원시임실군순창군
,4500,,남원시 향교동,남원시임실군순창군
,4500,,남원시 도통동,남원시임실군순창군
,4500,,임실군 임실읍,남원시임실군순창군
,4100,,수원시권선구 세류1동,수원시무
,4100,,수원시권선구 세류2동,수원시무
,4100,,수원시권선구 세류3동,수원시무
,4100,,수원시권선구 권선1동,수원시무
,4100,,수원시권선구 권선2동,수원시무
,4100,,수원시권선구 곡선동,수원시무
,4100,,수원시권선구 영통2동,수원시무
,4100,,수원시권선구 태장동,수원시무
,4100,,성남시수정구 신흥1동,성남시수정구
,4100,,성남시수정구 신흥2동,성남시수정구
,4100,,성남시수정구 신흥3동,성남시수정구
,4100,,성남시수정구 태평1동,성남시수정구
,4100,,성남시수정구 태평2동,성남시수정구
,4100,,성남시수정구 태평3동,성남시수정구
,4100,,성남시수정구 태평4동,성남시수정구
,4100,,성남시수정구 수진1동,성남시수정구
,4100,,성남시수정구 수진2동,성남시수정구
,4100,,성남시수정구 단대동,성남시수정구
,4100,,성남시수정구 산성동,성남시수정구
,4100,,성남시수정구 양지동,성남시수정구
,4100,,성남시수정구 복정동,성남시수정구
,3100,,울주군 삼동면,울주군
,2900,,북구 문흥1동,북구갑
,2900,,북구 문흥2동,북구갑
,2900,,북구 두암1동,북구갑
,2900,,북구 두암2동,북구갑
,2900,,북구 두암3동,북구갑
,2900,,북구 오치1동,북구갑
,2900,,북구 오치2동,북구갑
,2900,,북구 석곡동,북구갑
,2900,,북구 용봉동,북구을
,2900,,북구 운암1동,북구을
,2900,,북구 운암2동,북구을
,2900,,북구 운암3동,북구을
,2900,,북구 동림동,북구을
,2900,,북구 삼각동,북구을
,2900,,북구 일곡동,북구을
,2900,,북구 매곡동,북구을
,2900,,북구 건국동,북구을
,2900,,북구 양산동,북구을
,2900,,광산구 송정1동,광산구갑
,2900,,광산구 송정2동,광산구갑
,2900,,광산구 도산동,광산구갑
,2900,,광산구 신흥동,광산구갑
,4400,,서산시 해미면,서산시태안군
,4400,,서산시 고북면,서산시태안군
,4400,,서산시 부춘동,서산시태안군
,4400,,서산시 동문1동,서산시태안군
,4400,,서산시 동문2동,서산시태안군
,4400,,서산시 수석동,서산시태안군
,4400,,서산시 석남동,서산시태안군
,4400,,태안군 태안읍,서산시태안군
,4400,,태안군 안면읍,서산시태안군
,4400,,태안군 고남면,서산시태안군
,4400,,태안군 남면,서산시태안군
,4400,,태안군 근흥면,서산시태안군
,4400,,태안군 소원면,서산시태안군
,4400,,태안군 원북면,서산시태안군
,4400,,태안군 이원면,서산시태안군
,4400,,금산군 금산읍,논산시계룡시금산군
,4400,,금산군 금성면,논산시계룡시금산군
,4400,,금산군 제원면,논산시계룡시금산군
,4400,,금산군 부리면,논산시계룡시금산군
,4400,,금산군 군북면,논산시계룡시금산군
,4400,,금산군 남일면,논산시계룡시금산군
,4800,,진주시 이반성면,진주시을
,4800,,진주시 사봉면,진주시을
,4800,,진주시 지수면,진주시을
,4800,,진주시 대곡면,진주시을
,4800,,진주시 금산면,진주시을
,4800,,진주시 집현면,진주시을
,4800,,진주시 미천면,진주시을
,4800,,진주시 중앙동,진주시을
,4800,,진주시 상봉동,진주시을
,4800,,진주시 상대1동,진주시을
,4800,,진주시 상대2동,진주시을
,4800,,진주시 하대1동,진주시을
,4800,,진주시 하대2동,진주시을
,4800,,진주시 상평동,진주시을
,4800,,진주시 초장동,진주시을
,4800,,통영시 산양읍,통영시고성군
,4800,,통영시 용남면,통영시고성군
,4800,,통영시 도산면,통영시고성군
,4800,,통영시 광도면,통영시고성군
,4800,,통영시 욕지면,통영시고성군
,4800,,통영시 한산면,통영시고성군
,4800,,통영시 사량면,통영시고성군
,4800,,통영시 도천동,통영시고성군
,4800,,통영시 명정동,통영시고성군
,4200,,횡성군 서원면,태백시횡성군영월군평창군정선군
,4200,,횡성군 강림면,태백시횡성군영월군평창군정선군
,4200,,영월군 영월읍,태백시횡성군영월군평창군정선군
,4200,,영월군 상동읍,태백시횡성군영월군평창군정선군
,4200,,영월군 중동면,태백시횡성군영월군평창군정선군
,4200,,영월군 김삿갓면,태백시횡성군영월군평창군정선군
,4200,,영월군 북면,태백시횡성군영월군평창군정선군
,4200,,영월군 남면,태백시횡성군영월군평창군정선군
,4200,,영월군 한반도면,태백시횡성군영월군평창군정선군
,4200,,영월군 주천면,태백시횡성군영월군평창군정선군
,4200,,영월군 수주면,태백시횡성군영월군평창군정선군
,4200,,평창군 평창읍,태백시횡성군영월군평창군정선군
,4200,,평창군 미탄면,태백시횡성군영월군평창군정선군
,4200,,평창군 방림면,태백시횡성군영월군평창군정선군
,4600,,광양시 봉강면,광양시곡성군구례군
,4600,,광양시 옥룡면,광양시곡성군구례군
,4600,,광양시 옥곡면,광양시곡성군구례군
,4600,,광양시 진상면,광양시곡성군구례군
,4600,,광양시 진월면,광양시곡성군구례군
,4600,,광양시 다압면,광양시곡성군구례군
,4600,,광양시 골약동,광양시곡성군구례군
,4600,,광양시 중마동,광양시곡성군구례군
,4600,,광양시 광영동,광양시곡성군구례군
,4600,,광양시 태인동,광양시곡성군구례군
,4600,,광양시 금호동,광양시곡성군구례군
,4600,,곡성군 곡성읍,광양시곡성군구례군
,4600,,곡성군 오곡면,광양시곡성군구례군
,4600,,곡성군 삼기면,광양시곡성군구례군
,4600,,곡성군 석곡면,광양시곡성군구례군
,4600,,곡성군 목사동면,광양시곡성군구례군
,4600,,곡성군 죽곡면,광양시곡성군구례군
,4600,,곡성군 고달면,광양시곡성군구례군
,2600,,부산진구 전포제1동,부산진구을
,2600,,부산진구 전포제2동,부산진구을
,2600,,부산진구 가야제1동,부산진구을
,2600,,부산진구 가야제2동,부산진구을
,2600,,부산진구 개금제1동,부산진구을
,2600,,부산진구 개금제2동,부산진구을
,2600,,부산진구 개금제3동,부산진구을
,2600,,부산진구 범천제1동,부산진구을
,2600,,부산진구 범천제2동,부산진구을
,2600,,동래구 수민동,동래구
,2600,,동래구 복산동,동래구
,2600,,동래구 명륜동,동래구
,2600,,동래구 온천제1동,동래구
,2600,,동래구 온천제2동,동래구
,2600,,동래구 온천제3동,동래구
,2600,,동래구 사직제1동,동래구
,2600,,동래구 사직제2동,동래구
,2600,,동래구 사직제3동,동래구
,2600,,동래구 안락제1동,동래구
,4700,,구미시 선주원남동,구미시갑
,4700,,구미시 형곡1동,구미시갑
,4700,,구미시 형곡2동,구미시갑
,4700,,구미시 신평1동,구미시갑
,4700,,구미시 신평2동,구미시갑
,4700,,구미시 비산동,구미시갑
,4700,,구미시 공단1동,구미시갑
,4700,,구미시 공단2동,구미시갑
,4700,,구미시 광평동,구미시갑
,4700,,구미시 상모사곡동,구미시갑
,4700,,구미시 임오동,구미시갑
,4700,,구미시 선산읍,구미시을
,4700,,구미시 고아읍,구미시을
,4700,,구미시 무을면,구미시을
,4700,,구미시 옥성면,구미시을
,4700,,구미시 도개면,구미시을
,2700,,서구 내당1동,서구
,2700,,서구 내당2·3동,서구
,2700,,서구 내당4동,서구
,2700,,서구 비산1동,서구
,2700,,서구 비산2·3동,서구
,2700,,서구 비산4동,서구
,2700,,서구 비산5동,서구
,2700,,서구 비산6동,서구
,2700,,서구 비산7동,서구
,2700,,서구 평리1동,서구
,2700,,서구 평리2동,서구
,2700,,서구 평리3동,서구
,2700,,서구 평리4동,서구
,2700,,서구 평리5동,서구
,2700,,서구 평리6동,서구
,2700,,서구 상중이동,서구
,2700,,서구 원대동,서구
,2700,,북구 고성동,북구갑
,2700,,북구 칠성동,북구갑
,2700,,북구 침산1동,북구갑
,2700,,북구 침산2동,북구갑
,2700,,북구 침산3동,북구갑
,2700,,북구 노원동,북구갑
,2800,,남구 학익1동,남구을
,2800,,남구 학익2동,남구을
,2800,,남구 관교동,남구을
,2800,,남구 문학동,남구을
,2800,,연수구 옥련2동,연수구갑
,2800,,연수구 선학동,연수구갑
,2800,,연수구 연수1동,연수구갑
,2800,,연수구 연수2동,연수구갑
,2800,,연수구 연수3동,연수구갑
,2800,,연수구 청학동,연수구갑
,2800,,연수구 동춘3동,연수구갑
,2800,,연수구 옥련1동,연수구을
,2800,,연수구 동춘1동,연수구을
,2800,,연수구 동춘2동,연수구을
,2800,,연수구 송도1동,연수구을
,2800,,연수구 송도2동,연수구을
,2800,,연수구 송도3동,연수구을
,2800,,남동구 구월1동,남동구갑
,2800,,남동구 구월3동,남동구갑
,2800,,남동구 구월4동,남동구갑
,2800,,남동구 간석1동,남동구갑
,3000,,유성구 노은3동,유성구을
,3000,,유성구 신성동,유성구을
,3000,,유성구 전민동,유성구을
,3000,,유성구 구즉동,유성구을
,3000,,유성구 관평동,유성구을
,3000,,대덕구 오정동,대덕구
,3000,,대덕구 대화동,대덕구
,3000,,대덕구 회덕동,대덕구
,3000,,대덕구 비래동,대덕구
,3000,,대덕구 송촌동,대덕구
,3000,,대덕구 중리동,대덕구
,3000,,대덕구 법1동,대덕구
,3000,,대덕구 법2동,대덕구
,3000,,대덕구 신탄진동,대덕구
,3000,,대덕구 석봉동,대덕구
,3000,,대덕구 덕암동,대덕구
,3000,,대덕구 목상동,대덕구
,1100,,종로구 종로5·6가동,종로구
,1100,,종로구 이화동,종로구
,1100,,종로구 혜화동,종로구
,1100,,종로구 창신제1동,종로구
,1100,,종로구 창신제2동,종로구
,1100,,종로구 창신제3동,종로구
,1100,,종로구 숭인제1동,종로구
,1100,,종로구 숭인제2동,종로구
,1100,,성동구 응봉동,중구성동구갑
,1100,,성동구 성수1가제1동,중구성동구갑
,1100,,성동구 성수1가제2동,중구성동구갑
,1100,,성동구 성수2가제1동,중구성동구갑
,1100,,성동구 성수2가제3동,중구성동구갑
,1100,,성동구 왕십리도선동,중구성동구갑
,1100,,성동구 왕십리제2동,중구성동구갑
,1100,,성동구 행당제1동,중구성동구갑
,1100,,성동구 행당제2동,중구성동구갑
,1100,,성동구 마장동,중구성동구갑
,1100,,성동구 사근동,중구성동구갑
,1100,,성동구 송정동,중구성동구갑
,1100,,성동구 용답동,중구성동구갑
,1100,,중구 소공동,중구성동구을
,1100,,중구 회현동,중구성동구을
,4500,,임실군 청웅면,남원시임실군순창군
,4500,,임실군 운암면,남원시임실군순창군
,4500,,임실군 신평면,남원시임실군순창군
,4500,,임실군 성수면,남원시임실군순창군
,4500,,임실군 오수면,남원시임실군순창군
,4500,,임실군 신덕면,남원시임실군순창군
,4500,,임실군 삼계면,남원시임실군순창군
,4500,,임실군 관촌면,남원시임실군순창군
,4500,,임실군 강진면,남원시임실군순창군
,4500,,임실군 덕치면,남원시임실군순창군
,4500,,임실군 지사면,남원시임실군순창군
,4500,,순창군 순창읍,남원시임실군순창군
,4500,,순창군 인계면,남원시임실군순창군
,4500,,순창군 동계면,남원시임실군순창군
,4500,,순창군 적성면,남원시임실군순창군
,4100,,성남시수정구 위례동,성남시수정구
,4100,,성남시수정구 신촌동,성남시수정구
,4100,,성남시수정구 고등동,성남시수정구
,4100,,성남시수정구 시흥동,성남시수정구
,4100,,성남시중원구 성남동,성남시중원구
,4100,,성남시중원구 중앙동,성남시중원구
,4100,,성남시중원구 금광1동,성남시중원구
,4100,,성남시중원구 금광2동,성남시중원구
,4100,,성남시중원구 은행1동,성남시중원구
,4100,,성남시중원구 은행2동,성남시중원구
,4100,,성남시중원구 상대원1동,성남시중원구
,4100,,성남시중원구 상대원2동,성남시중원구
,4100,,성남시중원구 상대원3동,성남시중원구
,4100,,성남시중원구 하대원동,성남시중원구
,4100,,성남시중원구 도촌동,성남시중원구
,4100,,성남시분당구 서현1동,성남시분당구갑
,4100,,성남시분당구 서현2동,성남시분당구갑
,4100,,성남시분당구 이매1동,성남시분당구갑
,4100,,성남시분당구 이매2동,성남시분당구갑
,4100,,성남시분당구 야탑1동,성남시분당구갑
,4100,,성남시분당구 야탑2동,성남시분당구갑
,4100,,성남시분당구 야탑3동,성남시분당구갑
,2900,,광산구 어룡동,광산구갑
,2900,,광산구 우산동,광산구갑
,2900,,광산구 월곡1동,광산구갑
,2900,,광산구 월곡2동,광산구갑
,2900,,광산구 운남동,광산구갑
,2900,,광산구 동곡동,광산구갑
,2900,,광산구 평동,광산구갑
,2900,,광산구 삼도동,광산구갑
,2900,,광산구 본량동,광산구갑
,2900,,광산구 비아동,광산구을
,2900,,광산구 첨단1동,광산구을
,2900,,광산구 첨단2동,광산구을
,2900,,광산구 신가동,광산구을
,2900,,광산구 신창동,광산구을
,2900,,광산구 수완동,광산구을
,2900,,광산구 하남동,광산구을
,2900,,광산구 임곡동,광산구을
,4400,,금산군 남이면,논산시계룡시금산군
,4400,,금산군 진산면,논산시계룡시금산군
,4400,,금산군 복수면,논산시계룡시금산군
,4400,,금산군 추부면,논산시계룡시금산군
,4400,,논산시 강경읍,논산시계룡시금산군
,4400,,논산시 연무읍,논산시계룡시금산군
,4400,,논산시 성동면,논산시계룡시금산군
,4400,,논산시 광석면,논산시계룡시금산군
,4400,,논산시 노성면,논산시계룡시금산군
,4400,,논산시 상월면,논산시계룡시금산군
,4400,,논산시 부적면,논산시계룡시금산군
,4400,,논산시 연산면,논산시계룡시금산군
,4400,,논산시 벌곡면,논산시계룡시금산군
,4400,,논산시 양촌면,논산시계룡시금산군
,4400,,논산시 가야곡면,논산시계룡시금산군
,4400,,논산시 은진면,논산시계룡시금산군
,4400,,논산시 채운면,논산시계룡시금산군
,4400,,논산시 취암동,논산시계룡시금산군
,4400,,논산시 부창동,논산시계룡시금산군
,4800,,통영시 중앙동,통영시고성군
,4800,,통영시 정량동,통영시고성군
,4800,,통영시 북신동,통영시고성군
,4800,,통영시 무전동,통영시고성군
,4800,,통영시 미수동,통영시고성군
,4800,,통영시 봉평동,통영시고성군
,4800,,고성군 고성읍,통영시고성군
,4800,,고성군 삼산면,통영시고성군
,4800,,고성군 하일면,통영시고성군
,4800,,고성군 하이면,통영시고성군
,4800,,고성군 상리면,통영시고성군
,4800,,고성군 대가면,통영시고성군
,4800,,고성군 영현면,통영시고성군
,4800,,고성군 영오면,통영시고성군
,4800,,고성군 개천면,통영시고성군
,4800,,고성군 구만면,통영시고성군
,4800,,고성군 회화면,통영시고성군
,4800,,고성군 마암면,통영시고성군
,4800,,고성군 동해면,통영시고성군
,4800,,고성군 거류면,통영시고성군
,4800,,사천시 사천읍,사천시남해군하동군
,4200,,평창군 대화면,태백시횡성군영월군평창군정선군
,4200,,평창군 봉평면,태백시횡성군영월군평창군정선군
,4200,,평창군 용평면,태백시횡성군영월군평창군정선군
,4200,,평창군 진부면,태백시횡성군영월군평창군정선군
,4200,,평창군 대관령면,태백시횡성군영월군평창군정선군
,4200,,속초시 영랑동,속초시고성군양양군
,4200,,속초시 동명동,속초시고성군양양군
,4200,,속초시 금호동,속초시고성군양양군
,4200,,속초시 교동,속초시고성군양양군
,4200,,속초시 노학동,속초시고성군양양군
,4200,,속초시 조양동,속초시고성군양양군
,4200,,속초시 청호동,속초시고성군양양군
,4200,,속초시 대포동,속초시고성군양양군
,4200,,고성군 간성읍,속초시고성군양양군
,4200,,고성군 거진읍,속초시고성군양양군
,4200,,고성군 현내면,속초시고성군양양군
,4200,,고성군 죽왕면,속초시고성군양양군
,4600,,곡성군 옥과면,광양시곡성군구례군
,4600,,곡성군 입면,광양시곡성군구례군
,4600,,곡성군 겸면,광양시곡성군구례군
,4600,,곡성군 오산면,광양시곡성군구례군
,4600,,구례군 구례읍,광양시곡성군구례군
,4600,,구례군 문척면,광양시곡성군구례군
,4600,,구례군 간전면,광양시곡성군구례군
,4600,,구례군 토지면,광양시곡성군구례군
,4600,,구례군 마산면,광양시곡성군구례군
,4600,,구례군 광의면,광양시곡성군구례군
,4600,,구례군 용방면,광양시곡성군구례군
,4600,,구례군 산동면,광양시곡성군구례군
,4600,,담양군 담양읍,담양군함평군영광군장성군
,4600,,담양군 봉산면,담양군함평군영광군장성군
,4600,,담양군 고서면,담양군함평군영광군장성군
,4600,,담양군 남면,담양군함평군영광군장성군
,4600,,담양군 창평면,담양군함평군영광군장성군
,4600,,담양군 대덕면,담양군함평군영광군장성군
,4600,,담양군 무정면,담양군함평군영광군장성군
,4600,,담양군 금성면,담양군함평군영광군장성군
,4600,,담양군 용면,담양군함평군영광군장성군
,2600,,동래구 안락제2동,동래구
,2600,,동래구 명장제1동,동래구
,2600,,동래구 명장제2동,동래구
,2600,,남구 대연제1동,남구갑
,2600,,남구 대연제3동,남구갑
,2600,,남구 대연제4동,남구갑
,2600,,남구 대연제5동,남구갑
,2600,,남구 대연제6동,남구갑
,2600,,남구 문현제1동,남구갑
,2600,,남구 문현제2동,남구갑
,2600,,남구 문현제3동,남구갑
,2600,,남구 문현제4동,남구갑
,2600,,남구 용호제1동,남구을
,2600,,남구 용호제2동,남구을
,2600,,남구 용호제3동,남구을
,2600,,남구 용호제4동,남구을
,4700,,구미시 해평면,구미시을
,4700,,구미시 산동면,구미시을
,4700,,구미시 장천면,구미시을
,4700,,구미시 인동동,구미시을
,4700,,구미시 진미동,구미시을
,4700,,구미시 양포동,구미시을
,4700,,영주시 풍기읍,영주시문경시예천군
,4700,,영주시 이산면,영주시문경시예천군
,4700,,영주시 평은면,영주시문경시예천군
,4700,,영주시 문수면,영주시문경시예천군
,4700,,영주시 장수면,영주시문경시예천군
,4700,,영주시 안정면,영주시문경시예천군
,4700,,영주시 봉현면,영주시문경시예천군
,4700,,영주시 순흥면,영주시문경시예천군
,4700,,영주시 단산면,영주시문경시예천군
,2700,,북구 산격1동,북구갑
,2700,,북구 산격2동,북구갑
,2700,,북구 산격3동,북구갑
,2700,,북구 산격4동,북구갑
,2700,,북구 복현1동,북구갑
,2700,,북구 복현2동,북구갑
,2700,,북구 대현동,북구갑
,2700,,북구 검단동,북구갑
,2700,,북구 무태조야동,북구을
,2700,,북구 관문동,북구을
,2700,,북구 태전1동,북구을
,2700,,북구 태전2동,북구을
,2700,,북구 구암동,북구을
,2700,,북구 관음동,북구을
,2700,,북구 읍내동,북구을
,2700,,북구 동천동,북구을
,2700,,북구 국우동,북구을
,2700,,수성구 범어1동,수성구갑
,2700,,수성구 범어2동,수성구갑
,2700,,수성구 범어3동,수성구갑
,2700,,수성구 범어4동,수성구갑
,2700,,수성구 만촌1동,수성구갑
,2700,,수성구 만촌2동,수성구갑
,2800,,남동구 간석4동,남동구갑
,2800,,남동구 남촌도림동,남동구갑
,2800,,남동구 논현1동,남동구갑
,2800,,남동구 논현2동,남동구갑
,2800,,남동구 논현고잔동,남동구갑
,2800,,남동구 구월2동,남동구을
,2800,,남동구 간석2동,남동구을
,2800,,남동구 간석3동,남동구을
,2800,,남동구 만수1동,남동구을
,2800,,남동구 만수2동,남동구을
,2800,,남동구 만수3동,남동구을
,2800,,남동구 만수4동,남동구을
,2800,,남동구 만수5동,남동구을
,2800,,남동구 만수6동,남동구을
,2800,,남동구 장수서창동,남동구을
,2800,,부평구 부평1동,부평구갑
,2800,,부평구 부평2동,부평구갑
,2800,,부평구 부평3동,부평구갑
,2800,,부평구 부평4동,부평구갑
,2800,,부평구 부평5동,부평구갑
,2800,,부평구 부평6동,부평구갑
,2800,,부평구 산곡3동,부평구갑
,2800,,부평구 산곡4동,부평구갑
,1100,,중구 명동,중구성동구을
,1100,,중구 필동,중구성동구을
,1100,,중구 장충동,중구성동구을
,1100,,중구 광희동,중구성동구을
,1100,,중구 을지로동,중구성동구을
,1100,,중구 신당동,중구성동구을
,1100,,중구 다산동,중구성동구을
,1100,,중구 약수동,중구성동구을
,1100,,중구 청구동,중구성동구을
,1100,,중구 신당제5동,중구성동구을
,1100,,중구 동화동,중구성동구을
,1100,,중구 황학동,중구성동구을
,1100,,중구 중림동,중구성동구을
,1100,,중구 금호1가동,중구성동구을
,1100,,중구 금호2·3가동,중구성동구을
,1100,,중구 금호4가동,중구성동구을
,1100,,중구 옥수동,중구성동구을
,1100,,용산구 후암동,용산구
,4500,,순창군 유등면,남원시임실군순창군
,4500,,순창군 풍산면,남원시임실군순창군
,4500,,순창군 금과면,남원시임실군순창군
,4500,,순창군 팔덕면,남원시임실군순창군
,4500,,순창군 복흥면,남원시임실군순창군
,4500,,순창군 쌍치면,남원시임실군순창군
,4500,,순창군 구림면,남원시임실군순창군
,4500,,김제시 만경읍,김제시부안군
,4500,,김제시 죽산면,김제시부안군
,4500,,김제시 백산면,김제시부안군
,4500,,김제시 용지면,김제시부안군
,4500,,김제시 백구면,김제시부안군
,4500,,김제시 부량면,김제시부안군
,4500,,김제시 공덕면,김제시부안군
,4500,,김제시 청하면,김제시부안군
,4500,,김제시 성덕면,김제시부안군
,4500,,김제시 진봉면,김제시부안군
,4500,,김제시 금구면,김제시부안군
,4500,,김제시 봉남면,김제시부안군
,4100,,성남시분당구 판교동,성남시분당구갑
,4100,,성남시분당구 삼평동,성남시분당구갑
,4100,,성남시분당구 백현동,성남시분당구갑
,4100,,성남시분당구 운중동,성남시분당구갑
,4100,,성남시분당구 분당동,성남시분당구을
,4100,,성남시분당구 수내1동,성남시분당구을
,4100,,성남시분당구 수내2동,성남시분당구을
,4100,,성남시분당구 수내3동,성남시분당구을
,4100,,성남시분당구 정자동,성남시분당구을
,4100,,성남시분당구 정자1동,성남시분당구을
,4100,,성남시분당구 정자2동,성남시분당구을
,4100,,성남시분당구 정자3동,성남시분당구을
,4100,,성남시분당구 금곡동,성남시분당구을
,4100,,성남시분당구 구미동,성남시분당구을
,4100,,성남시분당구 구미1동,성남시분당구을
,4100,,의정부시 의정부1동,의정부시갑
,4100,,의정부시 의정부2동,의정부시갑
,4400,,계룡시 두마면,논산시계룡시금산군
,4400,,계룡시 엄사면,논산시계룡시금산군
,4400,,계룡시 신도안면,논산시계룡시금산군
,4400,,계룡시 금암동,논산시계룡시금산군
,4400,,당진시 당진1동,당진시
,4400,,당진시 당진2동,당진시
,4400,,당진시 당진3동,당진시
,4400,,당진시 합덕읍,당진시
,4400,,당진시 송악읍,당진시
,4400,,당진시 고대면,당진시
,4400,,당진시 석문면,당진시
,4400,,당진시 대호지면,당진시
,4400,,당진시 정미면,당진시
,4400,,당진시 면천면,당진시
,4400,,당진시 순성면,당진시
,4400,,당진시 우강면,당진시
,4400,,당진시 신평면,당진시
,4400,,당진시 송산면,당진시
,4400,,홍성군 홍성읍,홍성군예산군
,4400,,홍성군 광천읍,홍성군예산군
,4400,,홍성군 홍북면,홍성군예산군
,4400,,홍성군 금마면,홍성군예산군
,4800,,사천시 정동면,사천시남해군하동군
,4800,,사천시 사남면,사천시남해군하동군
,4800,,사천시 용현면,사천시남해군하동군
,4800,,사천시 축동면,사천시남해군하동군
,4800,,사천시 곤양면,사천시남해군하동군
,4800,,사천시 곤명면,사천시남해군하동군
,4800,,사천시 서포면,사천시남해군하동군
,4800,,사천시 동서동,사천시남해군하동군
,4800,,사천시 선구동,사천시남해군하동군
,4800,,사천시 동서금동,사천시남해군하동군
,4800,,사천시 벌용동,사천시남해군하동군
,4800,,사천시 향촌동,사천시남해군하동군
,4800,,사천시 남양동,사천시남해군하동군
,4800,,하동군 하동읍,사천시남해군하동군
,4800,,하동군 화개면,사천시남해군하동군
,4800,,하동군 악양면,사천시남해군하동군
,4800,,하동군 적량면,사천시남해군하동군
,4800,,하동군 횡천면,사천시남해군하동군
,4800,,하동군 고전면,사천시남해군하동군
,4200,,고성군 토성면,속초시고성군양양군
,4200,,양양군 양양읍,속초시고성군양양군
,4200,,양양군 서면,속초시고성군양양군
,4200,,양양군 손양면,속초시고성군양양군
,4200,,양양군 현북면,속초시고성군양양군
,4200,,양양군 현남면,속초시고성군양양군
,4200,,양양군 강현면,속초시고성군양양군
,4200,,인제군 인제읍,홍천군철원군화천군양구군인제군
,4200,,인제군 남면,홍천군철원군화천군양구군인제군
,4200,,인제군 북면,홍천군철원군화천군양구군인제군
,4200,,인제군 기린면,홍천군철원군화천군양구군인제군
,4200,,인제군 서화면,홍천군철원군화천군양구군인제군
,4200,,인제군 상남면,홍천군철원군화천군양구군인제군
,4200,,홍천군 홍천읍,홍천군철원군화천군양구군인제군
,4200,,홍천군 화촌면,홍천군철원군화천군양구군인제군
,4600,,담양군 월산면,담양군함평군영광군장성군
,4600,,담양군 수북면,담양군함평군영광군장성군
,4600,,담양군 대전면,담양군함평군영광군장성군
,4600,,장성군 장성읍,담양군함평군영광군장성군
,4600,,장성군 진원면,담양군함평군영광군장성군
,4600,,장성군 남면,담양군함평군영광군장성군
,4600,,장성군 동화면,담양군함평군영광군장성군
,4600,,장성군 삼서면,담양군함평군영광군장성군
,4600,,장성군 삼계면,담양군함평군영광군장성군
,4600,,장성군 황룡면,담양군함평군영광군장성군
,4600,,장성군 서삼면,담양군함평군영광군장성군
,4600,,장성군 북일면,담양군함평군영광군장성군
,4600,,장성군 북이면,담양군함평군영광군장성군
,4600,,장성군 북하면,담양군함평군영광군장성군
,4600,,영광군 영광읍,담양군함평군영광군장성군
,4600,,영광군 백수읍,담양군함평군영광군장성군
,4600,,영광군 홍농읍,담양군함평군영광군장성군
,4600,,영광군 대마면,담양군함평군영광군장성군
,2600,,남구 용당동,남구을
,2600,,남구 감만제1동,남구을
,2600,,남구 감만제2동,남구을
,2600,,남구 우암동,남구을
,2600,,북구 구포제1동,북구강서구갑
,2600,,북구 구포제2동,북구강서구갑
,2600,,북구 구포제3동,북구강서구갑
,2600,,북구 덕천제1동,북구강서구갑
,2600,,북구 덕천제2동,북구강서구갑
,2600,,북구 덕천제3동,북구강서구갑
,2600,,북구 만덕제1동,북구강서구갑
,2600,,북구 만덕제2동,북구강서구갑
,2600,,북구 만덕제3동,북구강서구갑
,2600,,강서구 대저1동,북구강서구을
,2600,,강서구 대저2동,북구강서구을
,2600,,강서구 강동동,북구강서구을
,2600,,강서구 명지동,북구강서구을
,2600,,강서구 가락동,북구강서구을
,2600,,강서구 녹산동,북구강서구을
,2600,,강서구 가덕도동,북구강서구을
,4700,,영주시 부석면,영주시문경시예천군
,4700,,영주시 상망동,영주시문경시예천군
,4700,,영주시 하망동,영주시문경시예천군
,4700,,영주시 영주1동,영주시문경시예천군
,4700,,영주시 영주2동,영주시문경시예천군
,4700,,영주시 휴천1동,영주시문경시예천군
,4700,,영주시 휴천2동,영주시문경시예천군
,4700,,영주시 휴천3동,영주시문경시예천군
,4700,,영주시 가흥1동,영주시문경시예천군
,4700,,영주시 가흥2동,영주시문경시예천군
,4700,,문경시 문경읍,영주시문경시예천군
,4700,,문경시 가은읍,영주시문경시예천군
,4700,,문경시 영순면,영주시문경시예천군
,4700,,문경시 산양면,영주시문경시예천군
,4700,,문경시 호계면,영주시문경시예천군
,4700,,문경시 산북면,영주시문경시예천군
,4700,,문경시 동로면,영주시문경시예천군
,4700,,문경시 마성면,영주시문경시예천군
,4700,,문경시 농암면,영주시문경시예천군
,4700,,문경시 점촌1동,영주시문경시예천군
,4700,,문경시 점촌2동,영주시문경시예천군
,4700,,문경시 점촌3동,영주시문경시예천군
,4700,,문경시 점촌4동,영주시문경시예천군
,2700,,수성구 만촌3동,수성구갑
,2700,,수성구 황금1동,수성구갑
,2700,,수성구 황금2동,수성구갑
,2700,,수성구 고산1동,수성구갑
,2700,,수성구 고산2동,수성구갑
,2700,,수성구 고산3동,수성구갑
,2700,,수성구 수성1가동,수성구을
,2700,,수성구 수성2·3가동,수성구을
,2700,,수성구 수성4가동,수성구을
,2700,,수성구 중동,수성구을
,2700,,수성구 상동,수성구을
,2700,,수성구 파동,수성구을
,2700,,수성구 두산동,수성구을
,2700,,수성구 지산1동,수성구을
,2700,,수성구 지산2동,수성구을
,2700,,수성구 범물1동,수성구을
,2700,,수성구 범물2동,수성구을
,2700,,달서구 죽전동,달서구갑
,2700,,달서구 장기동,달서구갑
,2700,,달서구 용산1동,달서구갑
,2700,,달서구 용산2동,달서구갑
,2700,,달서구 이곡1동,달서구갑
,2800,,부평구 부개1동,부평구갑
,2800,,부평구 일신동,부평구갑
,2800,,부평구 십정1동,부평구갑
,2800,,부평구 십정2동,부평구갑
,2800,,부평구 산곡1동,부평구을
,2800,,부평구 산곡2동,부평구을
,2800,,부평구 청천1동,부평구을
,2800,,부평구 청천2동,부평구을
,2800,,부평구 갈산1동,부평구을
,2800,,부평구 갈산2동,부평구을
,2800,,부평구 삼산1동,부평구을
,2800,,부평구 삼산2동,부평구을
,2800,,부평구 부개2동,부평구을
,2800,,부평구 부개3동,부평구을
,2800,,계양구 효성1동,계양구갑
,2800,,계양구 효성2동,계양구갑
,2800,,계양구 작전1동,계양구갑
,2800,,계양구 작전2동,계양구갑
,2800,,계양구 작전서운동,계양구갑
,2800,,계양구 계산1동,계양구을
,2800,,계양구 계산2동,계양구을
,1100,,용산구 용산2가동,용산구
,1100,,용산구 남영동,용산구
,1100,,용산구 청파동,용산구
,1100,,용산구 원효로제1동,용산구
,1100,,용산구 원효로제2동,용산구
,1100,,용산구 효창동,용산구
,1100,,용산구 용문동,용산구
,1100,,용산구 한강로동,용산구
,1100,,용산구 이촌제1동,용산구
,1100,,용산구 이촌제2동,용산구
,1100,,용산구 이태원제1동,용산구
,1100,,용산구 이태원제2동,용산구
,1100,,용산구 한남동,용산구
,1100,,용산구 서빙고동,용산구
,1100,,용산구 보광동,용산구
,1100,,광진구 중곡제1동,광진구갑
,1100,,광진구 중곡제2동,광진구갑
,4500,,김제시 황산면,김제시부안군
,4500,,김제시 금산면,김제시부안군
,4500,,김제시 광활면,김제시부안군
,4500,,김제시 요촌동,김제시부안군
,4500,,김제시 신풍동,김제시부안군
,4500,,김제시 검산동,김제시부안군
,4500,,김제시 교월동,김제시부안군
,4500,,부안군 부안읍,김제시부안군
,4500,,부안군 주산면,김제시부안군
,4500,,부안군 동진면,김제시부안군
,4500,,부안군 행안면,김제시부안군
,4500,,부안군 계화면,김제시부안군
,4500,,부안군 보안면,김제시부안군
,4500,,부안군 변산면,김제시부안군
,4500,,부안군 진서면,김제시부안군
,4500,,부안군 백산면,김제시부안군
,4500,,부안군 상서면,김제시부안군
,4500,,부안군 하서면,김제시부안군
,4500,,부안군 줄포면,김제시부안군
,4500,,부안군 위도면,김제시부안군
,4500,,완주군 삼례읍,완주군진안군무주군장수군
,4100,,의정부시 의정부3동,의정부시갑
,4100,,의정부시 호원1동,의정부시갑
,4100,,의정부시 호원2동,의정부시갑
,4100,,의정부시 가능1동,의정부시갑
,4100,,의정부시 가능2동,의정부시갑
,4100,,의정부시 가능3동,의정부시갑
,4100,,의정부시 녹양동,의정부시갑
,4100,,의정부시 장암동,의정부시을
,4100,,의정부시 신곡1동,의정부시을
,4100,,의정부시 신곡2동,의정부시을
,4100,,의정부시 송산1동,의정부시을
,4100,,의정부시 송산2동,의정부시을
,4100,,의정부시 자금동,의정부시을
,4100,,안양시만안구 안양1동,안양시만안구
,4100,,안양시만안구 안양2동,안양시만안구
,4100,,안양시만안구 안양3동,안양시만안구
,4100,,안양시만안구 안양4동,안양시만안구
,4100,,안양시만안구 안양5동,안양시만안구
,4100,,안양시만안구 안양6동,안양시만안구
,4100,,안양시만안구 안양7동,안양시만안구
,4400,,홍성군 홍동면,홍성군예산군
,4400,,홍성군 장곡면,홍성군예산군
,4400,,홍성군 은하면,홍성군예산군
,4400,,홍성군 결성면,홍성군예산군
,4400,,홍성군 서부면,홍성군예산군
,4400,,홍성군 갈산면,홍성군예산군
,4400,,홍성군 구항면,홍성군예산군
,4400,,예산군 예산읍,홍성군예산군
,4400,,예산군 삽교읍,홍성군예산군
,4400,,예산군 대술면,홍성군예산군
,4400,,예산군 신양면,홍성군예산군
,4400,,예산군 광시면,홍성군예산군
,4400,,예산군 대흥면,홍성군예산군
,4400,,예산군 응봉면,홍성군예산군
,4400,,예산군 덕산면,홍성군예산군
,4800,,하동군 금남면,사천시남해군하동군
,4800,,하동군 금성면,사천시남해군하동군
,4800,,하동군 진교면,사천시남해군하동군
,4800,,하동군 양보면,사천시남해군하동군
,4800,,하동군 북천면,사천시남해군하동군
,4800,,하동군 청암면,사천시남해군하동군
,4800,,하동군 옥종면,사천시남해군하동군
,4800,,남해군 남해읍,사천시남해군하동군
,4800,,남해군 이동면,사천시남해군하동군
,4800,,남해군 상주면,사천시남해군하동군
,4800,,남해군 삼동면,사천시남해군하동군
,4800,,남해군 미조면,사천시남해군하동군
,4800,,남해군 남면,사천시남해군하동군
,4800,,남해군 서면,사천시남해군하동군
,4800,,남해군 고현면,사천시남해군하동군
,4800,,남해군 설천면,사천시남해군하동군
,4800,,남해군 창선면,사천시남해군하동군
,4800,,김해시 진영읍,김해시갑
,4800,,김해시 한림면,김해시갑
,4200,,홍천군 두촌면,홍천군철원군화천군양구군인제군
,4200,,홍천군 내촌면,홍천군철원군화천군양구군인제군
,4200,,홍천군 서석면,홍천군철원군화천군양구군인제군
,4200,,홍천군 동면,홍천군철원군화천군양구군인제군
,4200,,홍천군 남면,홍천군철원군화천군양구군인제군
,4200,,홍천군 서면,홍천군철원군화천군양구군인제군
,4200,,홍천군 북방면,홍천군철원군화천군양구군인제군
,4200,,홍천군 내면,홍천군철원군화천군양구군인제군
,4200,,화천군 화천읍,홍천군철원군화천군양구군인제군
,4200,,화천군 간동면,홍천군철원군화천군양구군인제군
,4200,,화천군 하남면,홍천군철원군화천군양구군인제군
,4200,,화천군 상서면,홍천군철원군화천군양구군인제군
,4200,,화천군 사내면,홍천군철원군화천군양구군인제군
,4200,,양구군 양구읍,홍천군철원군화천군양구군인제군
,4200,,양구군 남면,홍천군철원군화천군양구군인제군
,4200,,양구군 동면,홍천군철원군화천군양구군인제군
,4200,,양구군 방산면,홍천군철원군화천군양구군인제군
,4200,,양구군 해안면,홍천군철원군화천군양구군인제군
,4200,,철원군 철원읍,홍천군철원군화천군양구군인제군
,4200,,철원군 김화읍,홍천군철원군화천군양구군인제군
,4200,,철원군 갈말읍,홍천군철원군화천군양구군인제군
,4200,,철원군 동송읍,홍천군철원군화천군양구군인제군
,4600,,영광군 묘량면,담양군함평군영광군장성군
,4600,,영광군 불갑면,담양군함평군영광군장성군
,4600,,영광군 군서면,담양군함평군영광군장성군
,4600,,영광군 군남면,담양군함평군영광군장성군
,4600,,영광군 염산면,담양군함평군영광군장성군
,4600,,영광군 법성면,담양군함평군영광군장성군
,4600,,영광군 낙월면,담양군함평군영광군장성군
,4600,,함평군 함평읍,담양군함평군영광군장성군
,4600,,함평군 손불면,담양군함평군영광군장성군
,4600,,함평군 신광면,담양군함평군영광군장성군
,4600,,함평군 학교면,담양군함평군영광군장성군
,4600,,함평군 엄다면,담양군함평군영광군장성군
,4600,,함평군 대동면,담양군함평군영광군장성군
,4600,,함평군 나산면,담양군함평군영광군장성군
,4600,,함평군 해보면,담양군함평군영광군장성군
,4600,,함평군 월야면,담양군함평군영광군장성군
,4600,,고흥군 고흥읍,고흥군보성군장흥군강진군
,4600,,고흥군 도양읍,고흥군보성군장흥군강진군
,4600,,고흥군 풍양면,고흥군보성군장흥군강진군
,4600,,고흥군 도덕면,고흥군보성군장흥군강진군
,4600,,고흥군 금산면,고흥군보성군장흥군강진군
,2600,,강서구 금곡동,북구강서구을
,2600,,강서구 화명제1동,북구강서구을
,2600,,강서구 화명제2동,북구강서구을
,2600,,강서구 화명제3동,북구강서구을
,2600,,해운대구 우제1동,해운대구갑
,2600,,해운대구 우제2동,해운대구갑
,2600,,해운대구 우제3동,해운대구갑
,2600,,해운대구 중제1동,해운대구갑
,2600,,해운대구 중제2동,해운대구갑
,2600,,해운대구 좌제1동,해운대구갑
,2600,,해운대구 좌제2동,해운대구갑
,2600,,해운대구 좌제3동,해운대구갑
,2600,,해운대구 좌제4동,해운대구갑
,2600,,해운대구 송정동,해운대구갑
,2600,,해운대구 반여제1동,해운대구을
,2600,,해운대구 반여제2동,해운대구을
,4700,,문경시 점촌5동,영주시문경시예천군
,4700,,예천군 예천읍,영주시문경시예천군
,4700,,예천군 용문면,영주시문경시예천군
,4700,,예천군 효자면,영주시문경시예천군
,4700,,예천군 은풍면,영주시문경시예천군
,4700,,예천군 감천면,영주시문경시예천군
,4700,,예천군 보문면,영주시문경시예천군
,4700,,예천군 호명면,영주시문경시예천군
,4700,,예천군 유천면,영주시문경시예천군
,4700,,예천군 용궁면,영주시문경시예천군
,4700,,예천군 개포면,영주시문경시예천군
,4700,,예천군 지보면,영주시문경시예천군
,4700,,예천군 풍양면,영주시문경시예천군
,4700,,영천시 금호읍,영천시청도군
,4700,,영천시 청통면,영천시청도군
,2700,,달서구 이곡2동,달서구갑
,2700,,달서구 신당동,달서구갑
,2700,,달서구 월성1동,달서구을
,2700,,달서구 월성2동,달서구을
,2700,,달서구 진천동,달서구을
,2700,,달서구 상인1동,달서구을
,2700,,달서구 상인2동,달서구을
,2700,,달서구 상인3동,달서구을
,2700,,달서구 도원동,달서구을
,2700,,달서구 성당동,달서구병
,2700,,달서구 두류1·2동,달서구병
,2700,,달서구 두류3동,달서구병
,2700,,달서구 본리동,달서구병
,2700,,달서구 감삼동,달서구병
,2700,,달서구 송현1동,달서구병
,2700,,달서구 송현2동,달서구병
,2700,,달서구 본동,달서구병
,2700,,달성군 화원읍,달성군
,2700,,달성군 논공읍,달성군
,2700,,달성군 다사읍,달성군
,2700,,달성군 가창면,달성군
,2800,,계양구 계산3동,계양구을
,2800,,계양구 계산4동,계양구을
,2800,,계양구 계양1동,계양구을
,2800,,계양구 계양2동,계양구을
,2800,,계양구 계양3동,계양구을
,2800,,서구 청라1동,서구갑
,2800,,서구 청라2동,서구갑
,2800,,서구 가정1동,서구갑
,2800,,서구 가정2동,서구갑
,2800,,서구 가정3동,서구갑
,2800,,서구 신현원창동,서구갑
,2800,,서구 석남1동,서구갑
,2800,,서구 석남2동,서구갑
,2800,,서구 석남3동,서구갑
,2800,,서구 가좌1동,서구갑
,2800,,서구 가좌2동,서구갑
,2800,,서구 가좌3동,서구갑
,2800,,서구 가좌4동,서구갑
,2800,,서구 검암경서동,서구을
,2800,,서구 연희동,서구을
,2800,,서구 검단1동,서구을
,2800,,서구 검단2동,서구을
,2800,,서구 검단3동,서구을
,1100,,광진구 중곡제3동,광진구갑
,1100,,광진구 중곡제4동,광진구갑
,1100,,광진구 능동,광진구갑
,1100,,광진구 구의제2동,광진구갑
,1100,,광진구 광장동,광진구갑
,1100,,광진구 군자동,광진구갑
,1100,,광진구 구의제1동,광진구을
,1100,,광진구 구의제3동,광진구을
,1100,,광진구 자양제1동,광진구을
,1100,,광진구 자양제2동,광진구을
,1100,,광진구 자양제3동,광진구을
,1100,,광진구 자양제4동,광진구을
,1100,,광진구 화양동,광진구을
,1100,,동대문구 용신동,동대문구갑
,1100,,동대문구 제기동,동대문구갑
,1100,,동대문구 청량리동,동대문구갑
,1100,,동대문구 회기동,동대문구갑
,1100,,동대문구 휘경제1동,동대문구갑
,4500,,완주군 봉동읍,완주군진안군무주군장수군
,4500,,완주군 용진읍,완주군진안군무주군장수군
,4500,,완주군 상관면,완주군진안군무주군장수군
,4500,,완주군 이서면,완주군진안군무주군장수군
,4500,,완주군 소양면,완주군진안군무주군장수군
,4500,,완주군 구이면,완주군진안군무주군장수군
,4500,,완주군 고산면,완주군진안군무주군장수군
,4500,,완주군 비봉면,완주군진안군무주군장수군
,4500,,완주군 운주면,완주군진안군무주군장수군
,4500,,완주군 화산면,완주군진안군무주군장수군
,4500,,완주군 동상면,완주군진안군무주군장수군
,4500,,완주군 경천면,완주군진안군무주군장수군
,4500,,진안군 진안읍,완주군진안군무주군장수군
,4500,,진안군 용담면,완주군진안군무주군장수군
,4500,,진안군 안천면,완주군진안군무주군장수군
,4500,,진안군 동향면,완주군진안군무주군장수군
,4500,,진안군 상전면,완주군진안군무주군장수군
,4500,,진안군 백운면,완주군진안군무주군장수군
,4500,,진안군 성수면,완주군진안군무주군장수군
,4100,,안양시만안구 안양8동,안양시만안구
,4100,,안양시만안구 안양9동,안양시만안구
,4100,,안양시만안구 석수1동,안양시만안구
,4100,,안양시만안구 석수2동,안양시만안구
,4100,,안양시만안구 석수3동,안양시만안구
,4100,,안양시만안구 박달1동,안양시만안구
,4100,,안양시만안구 박달2동,안양시만안구
,4100,,안양시동안구 비산1동,안양시동안구갑
,4100,,안양시동안구 비산2동,안양시동안구갑
,4100,,안양시동안구 비산3동,안양시동안구갑
,4100,,안양시동안구 부흥동,안양시동안구갑
,4100,,안양시동안구 달안동,안양시동안구갑
,4100,,안양시동안구 관양1동,안양시동안구갑
,4100,,안양시동안구 관양2동,안양시동안구갑
,4100,,안양시동안구 부림동,안양시동안구갑
,4400,,예산군 봉산면,홍성군예산군
,4400,,예산군 고덕면,홍성군예산군
,4400,,예산군 신암면,홍성군예산군
,4400,,예산군 오가면,홍성군예산군
,4800,,김해시 생림면,김해시갑
,4800,,김해시 상동면,김해시갑
,4800,,김해시 대동면,김해시갑
,4800,,김해시 동상동,김해시갑
,4800,,김해시 회현동,김해시갑
,4800,,김해시 부원동,김해시갑
,4800,,김해시 북부동,김해시갑
,4800,,김해시 활천동,김해시갑
,4800,,김해시 삼안동,김해시갑
,4800,,김해시 불암동,김해시갑
,4800,,김해시 주촌면,김해시을
,4800,,김해시 진례면,김해시을
,4800,,김해시 내외동,김해시을
,4800,,김해시 칠산서부동,김해시을
,4800,,김해시 장유1동,김해시을
,4800,,김해시 장유2동,김해시을
,4800,,김해시 장유3동,김해시을
,4800,,밀양시 삼랑진읍,밀양시의령군함안군창녕군
,4800,,밀양시 하남읍,밀양시의령군함안군창녕군
,4800,,밀양시 부북면,밀양시의령군함안군창녕군
,4800,,밀양시 상동면,밀양시의령군함안군창녕군
,4800,,밀양시 산외면,밀양시의령군함안군창녕군
,4800,,밀양시 산내면,밀양시의령군함안군창녕군
,4200,,철원군 서면,홍천군철원군화천군양구군인제군
,4200,,철원군 근남면,홍천군철원군화천군양구군인제군
,4200,,철원군 근북면,홍천군철원군화천군양구군인제군
,4600,,고흥군 도화면,고흥군보성군장흥군강진군
,4600,,고흥군 포두면,고흥군보성군장흥군강진군
,4600,,고흥군 봉래면,고흥군보성군장흥군강진군
,4600,,고흥군 동일면,고흥군보성군장흥군강진군
,4600,,고흥군 점암면,고흥군보성군장흥군강진군
,4600,,고흥군 영남면,고흥군보성군장흥군강진군
,4600,,고흥군 과역면,고흥군보성군장흥군강진군
,4600,,고흥군 남양면,고흥군보성군장흥군강진군
,4600,,고흥군 동강면,고흥군보성군장흥군강진군
,4600,,고흥군 대서면,고흥군보성군장흥군강진군
,4600,,고흥군 두원면,고흥군보성군장흥군강진군
,4600,,보성군 보성읍,고흥군보성군장흥군강진군
,4600,,보성군 벌교읍,고흥군보성군장흥군강진군
,4600,,보성군 노동면,고흥군보성군장흥군강진군
,4600,,보성군 미력면,고흥군보성군장흥군강진군
,4600,,보성군 겸백면,고흥군보성군장흥군강진군
,4600,,보성군 율어면,고흥군보성군장흥군강진군
,4600,,보성군 복내면,고흥군보성군장흥군강진군
,4600,,보성군 문덕면,고흥군보성군장흥군강진군
,4600,,보성군 조성면,고흥군보성군장흥군강진군
,4600,,보성군 득량면,고흥군보성군장흥군강진군
,4600,,보성군 회천면,고흥군보성군장흥군강진군
,2600,,해운대구 반여제3동,해운대구을
,2600,,해운대구 반여제4동,해운대구을
,2600,,해운대구 반송제1동,해운대구을
,2600,,해운대구 반송제2동,해운대구을
,2600,,해운대구 재송제1동,해운대구을
,2600,,해운대구 재송제2동,해운대구을
,2600,,사하구 괴정제1동,사하구갑
,2600,,사하구 괴정제2동,사하구갑
,2600,,사하구 괴정제3동,사하구갑
,2600,,사하구 괴정제4동,사하구갑
,2600,,사하구 당리동,사하구갑
,2600,,사하구 하단제1동,사하구갑
,2600,,사하구 하단제2동,사하구갑
,2600,,사하구 신평제1동,사하구을
,2600,,사하구 신평제2동,사하구을
,2600,,사하구 장림제1동,사하구을
,2600,,사하구 장림제2동,사하구을
,2600,,사하구 다대제1동,사하구을
,2600,,사하구 다대제2동,사하구을
,2600,,사하구 구평동,사하구을
,4700,,영천시 신녕면,영천시청도군
,4700,,영천시 화산면,영천시청도군
,4700,,영천시 화북면,영천시청도군
,4700,,영천시 화남면,영천시청도군
,4700,,영천시 자양면,영천시청도군
,4700,,영천시 임고면,영천시청도군
,4700,,영천시 고경면,영천시청도군
,4700,,영천시 북안면,영천시청도군
,4700,,영천시 대창면,영천시청도군
,4700,,영천시 동부동,영천시청도군
,4700,,영천시 중앙동,영천시청도군
,4700,,영천시 서부동,영천시청도군
,4700,,영천시 완산동,영천시청도군
,4700,,영천시 남부동,영천시청도군
,4700,,청도군 청도읍,영천시청도군
,4700,,청도군 화양읍,영천시청도군
,4700,,청도군 각남면,영천시청도군
,2700,,달성군 하빈면,달성군
,2700,,달성군 옥포면,달성군
,2700,,달성군 현풍면,달성군
,2700,,달성군 유가면,달성군
,2700,,달성군 구지면,달성군
,2800,,서구 검단4동,서구을
,2800,,서구 검단5동,서구을
,1100,,동대문구 휘경제2동,동대문구갑
,1100,,동대문구 이문제1동,동대문구갑
,1100,,동대문구 이문제2동,동대문구갑
,1100,,동대문구 전농제1동,동대문구을
,1100,,동대문구 전농제2동,동대문구을
,1100,,동대문구 답십리제1동,동대문구을
,1100,,동대문구 답십리제2동,동대문구을
,1100,,동대문구 장안제1동,동대문구을
,1100,,동대문구 장안제2동,동대문구을
,1100,,중랑구 면목본동,중랑구갑
,1100,,중랑구 면목제2동,중랑구갑
,1100,,중랑구 면목제3·8동,중랑구갑
,1100,,중랑구 면목제4동,중랑구갑
,1100,,중랑구 면목제5동,중랑구갑
,1100,,중랑구 면목제7동,중랑구갑
,1100,,중랑구 상봉제2동,중랑구갑
,1100,,중랑구 망우제3동,중랑구갑
,1100,,중랑구 상봉제1동,중랑구을
,1100,,중랑구 중화제1동,중랑구을
,1100,,중랑구 중화제2동,중랑구을
,1100,,중랑구 묵제1동,중랑구을
,4500,,진안군 마령면,완주군진안군무주군장수군
,4500,,진안군 부귀면,완주군진안군무주군장수군
,4500,,진안군 정천면,완주군진안군무주군장수군
,4500,,진안군 주천면,완주군진안군무주군장수군
,4500,,무주군 무주읍,완주군진안군무주군장수군
,4500,,무주군 무풍면,완주군진안군무주군장수군
,4500,,무주군 설천면,완주군진안군무주군장수군
,4500,,무주군 적상면,완주군진안군무주군장수군
,4500,,무주군 안성면,완주군진안군무주군장수군
,4500,,무주군 부남면,완주군진안군무주군장수군
,4500,,장수군 장수읍,완주군진안군무주군장수군
,4500,,장수군 산서면,완주군진안군무주군장수군
,4500,,장수군 번암면,완주군진안군무주군장수군
,4500,,장수군 장계면,완주군진안군무주군장수군
,4500,,장수군 천천면,완주군진안군무주군장수군
,4500,,장수군 계남면,완주군진안군무주군장수군
,4100,,안양시동안구 평촌동,안양시동안구을
,4100,,안양시동안구 평안동,안양시동안구을
,4100,,안양시동안구 귀인동,안양시동안구을
,4100,,안양시동안구 호계1동,안양시동안구을
,4100,,안양시동안구 호계2동,안양시동안구을
,4100,,안양시동안구 호계3동,안양시동안구을
,4100,,안양시동안구 범계동,안양시동안구을
,4100,,안양시동안구 신촌동,안양시동안구을
,4100,,안양시동안구 갈산동,안양시동안구을
,4100,,부천시원미구 심곡1동,부천시원미구갑
,4100,,부천시원미구 심곡2동,부천시원미구갑
,4100,,부천시원미구 심곡3동,부천시원미구갑
,4100,,부천시원미구 원미1동,부천시원미구갑
,4100,,부천시원미구 원미2동,부천시원미구갑
,4100,,부천시원미구 소사동,부천시원미구갑
,4100,,부천시원미구 역곡1동,부천시원미구갑
,4100,,부천시원미구 역곡2동,부천시원미구갑
,4100,,부천시원미구 춘의동,부천시원미구갑
,4100,,부천시원미구 도당동,부천시원미구갑
,4100,,부천시원미구 약대동,부천시원미구을
,4800,,밀양시 단장면,밀양시의령군함안군창녕군
,4800,,밀양시 상남면,밀양시의령군함안군창녕군
,4800,,밀양시 초동면,밀양시의령군함안군창녕군
,4800,,밀양시 무안면,밀양시의령군함안군창녕군
,4800,,밀양시 청도면,밀양시의령군함안군창녕군
,4800,,밀양시 내일동,밀양시의령군함안군창녕군
,4800,,밀양시 내이동,밀양시의령군함안군창녕군
,4800,,밀양시 교동,밀양시의령군함안군창녕군
,4800,,밀양시 삼문동,밀양시의령군함안군창녕군
,4800,,밀양시 가곡동,밀양시의령군함안군창녕군
,4800,,의령군 의령읍,밀양시의령군함안군창녕군
,4800,,의령군 가례면,밀양시의령군함안군창녕군
,4800,,의령군 칠곡면,밀양시의령군함안군창녕군
,4800,,의령군 대의면,밀양시의령군함안군창녕군
,4800,,의령군 화정면,밀양시의령군함안군창녕군
,4800,,의령군 용덕면,밀양시의령군함안군창녕군
,4800,,의령군 정곡면,밀양시의령군함안군창녕군
,4800,,의령군 지정면,밀양시의령군함안군창녕군
,4600,,보성군 웅치면,고흥군보성군장흥군강진군
,4600,,장흥군 장흥읍,고흥군보성군장흥군강진군
,4600,,장흥군 관산읍,고흥군보성군장흥군강진군
,4600,,장흥군 대덕읍,고흥군보성군장흥군강진군
,4600,,장흥군 용산면,고흥군보성군장흥군강진군
,4600,,장흥군 안양면,고흥군보성군장흥군강진군
,4600,,장흥군 장동면,고흥군보성군장흥군강진군
,4600,,장흥군 장평면,고흥군보성군장흥군강진군
,4600,,장흥군 유치면,고흥군보성군장흥군강진군
,4600,,장흥군 부산면,고흥군보성군장흥군강진군
,4600,,장흥군 회진면,고흥군보성군장흥군강진군
,4600,,강진군 강진읍,고흥군보성군장흥군강진군
,4600,,강진군 군동면,고흥군보성군장흥군강진군
,4600,,강진군 칠량면,고흥군보성군장흥군강진군
,4600,,강진군 대구면,고흥군보성군장흥군강진군
,4600,,강진군 마량면,고흥군보성군장흥군강진군
,4600,,강진군 도암면,고흥군보성군장흥군강진군
,4600,,강진군 신전면,고흥군보성군장흥군강진군
,4600,,강진군 성전면,고흥군보성군장흥군강진군
,2600,,사하구 감천제1동,사하구을
,2600,,사하구 감천제2동,사하구을
,2600,,금정구 서제1동,금정구
,2600,,금정구 서제2동,금정구
,2600,,금정구 서제3동,금정구
,2600,,금정구 금사동,금정구
,2600,,금정구 부곡제1동,금정구
,2600,,금정구 부곡제2동,금정구
,2600,,금정구 부곡제3동,금정구
,2600,,금정구 부곡제4동,금정구
,2600,,금정구 장전제1동,금정구
,2600,,금정구 장전제2동,금정구
,2600,,금정구 장전제3동,금정구
,2600,,금정구 선두구동,금정구
,2600,,금정구 청룡노포동,금정구
,2600,,금정구 남산동,금정구
,2600,,금정구 구서제1동,금정구
,2600,,금정구 구서제2동,금정구
,2600,,금정구 금성동,금정구
,2600,,연제구 거제제1동,연제구
,4700,,청도군 풍각면,영천시청도군
,4700,,청도군 각북면,영천시청도군
,4700,,청도군 이서면,영천시청도군
,4700,,청도군 운문면,영천시청도군
,4700,,청도군 금천면,영천시청도군
,4700,,청도군 매전면,영천시청도군
,4700,,상주시 함창읍,상주시군위군의성군청송군
,4700,,상주시 사벌면,상주시군위군의성군청송군
,4700,,상주시 중동면,상주시군위군의성군청송군
,4700,,상주시 낙동면,상주시군위군의성군청송군
,4700,,상주시 청리면,상주시군위군의성군청송군
,4700,,상주시 공성면,상주시군위군의성군청송군
,4700,,상주시 외남면,상주시군위군의성군청송군
,4700,,상주시 내서면,상주시군위군의성군청송군
,4700,,상주시 모동면,상주시군위군의성군청송군
,1100,,중랑구 묵제2동,중랑구을
,1100,,중랑구 망우본동,중랑구을
,1100,,중랑구 신내제1동,중랑구을
,1100,,중랑구 신내제2동,중랑구을
,1100,,성북구 성북동,성북구갑
,1100,,성북구 삼선동,성북구갑
,1100,,성북구 동선동,성북구갑
,1100,,성북구 돈암제2동,성북구갑
,1100,,성북구 안암동,성북구갑
,1100,,성북구 보문동,성북구갑
,1100,,성북구 정릉제1동,성북구갑
,1100,,성북구 정릉제2동,성북구갑
,1100,,성북구 정릉제3동,성북구갑
,1100,,성북구 정릉제4동,성북구갑
,1100,,성북구 길음제1동,성북구갑
,1100,,성북구 돈암제1동,성북구을
,1100,,성북구 길음제2동,성북구을
,4500,,장수군 계북면,완주군진안군무주군장수군
,4100,,부천시원미구 중동,부천시원미구을
,4100,,부천시원미구 중1동,부천시원미구을
,4100,,부천시원미구 중2동,부천시원미구을
,4100,,부천시원미구 중3동,부천시원미구을
,4100,,부천시원미구 중4동,부천시원미구을
,4100,,부천시원미구 상동,부천시원미구을
,4100,,부천시원미구 상1동,부천시원미구을
,4100,,부천시원미구 상2동,부천시원미구을
,4100,,부천시원미구 상3동,부천시원미구을
,4100,,부천시소사구 심곡본1동,부천시소사구
,4100,,부천시소사구 심곡본동,부천시소사구
,4100,,부천시소사구 소사본동,부천시소사구
,4100,,부천시소사구 소사본3동,부천시소사구
,4100,,부천시소사구 범박동,부천시소사구
,4100,,부천시소사구 괴안동,부천시소사구
,4100,,부천시소사구 역곡3동,부천시소사구
,4100,,부천시소사구 송내1동,부천시소사구
,4100,,부천시소사구 송내2동,부천시소사구
,4100,,부천시오정구 성곡동,부천시오정구
,4100,,부천시오정구 원종1동,부천시오정구
,4100,,부천시오정구 원종2동,부천시오정구
,4800,,의령군 낙서면,밀양시의령군함안군창녕군
,4800,,의령군 부림면,밀양시의령군함안군창녕군
,4800,,의령군 봉수면,밀양시의령군함안군창녕군
,4800,,의령군 궁류면,밀양시의령군함안군창녕군
,4800,,의령군 유곡면,밀양시의령군함안군창녕군
,4800,,함안군 가야읍,밀양시의령군함안군창녕군
,4800,,함안군 칠원읍,밀양시의령군함안군창녕군
,4800,,함안군 함안면,밀양시의령군함안군창녕군
,4800,,함안군 군북면,밀양시의령군함안군창녕군
,4800,,함안군 법수면,밀양시의령군함안군창녕군
,4800,,함안군 대산면,밀양시의령군함안군창녕군
,4800,,함안군 칠서면,밀양시의령군함안군창녕군
,4800,,함안군 칠북면,밀양시의령군함안군창녕군
,4800,,함안군 산인면,밀양시의령군함안군창녕군
,4800,,함안군 여항면,밀양시의령군함안군창녕군
,4800,,창녕군 창녕읍,밀양시의령군함안군창녕군
,4800,,창녕군 남지읍,밀양시의령군함안군창녕군
,4800,,창녕군 고암면,밀양시의령군함안군창녕군
,4800,,창녕군 성산면,밀양시의령군함안군창녕군
,4800,,창녕군 대합면,밀양시의령군함안군창녕군
,4600,,강진군 작천면,고흥군보성군장흥군강진군
,4600,,강진군 병영면,고흥군보성군장흥군강진군
,4600,,강진군 옴천면,고흥군보성군장흥군강진군
,4600,,완도군 완도읍,해남군완도군진도군
,4600,,완도군 금일읍,해남군완도군진도군
,4600,,완도군 노화읍,해남군완도군진도군
,4600,,완도군 군외면,해남군완도군진도군
,4600,,완도군 신지면,해남군완도군진도군
,4600,,완도군 고금면,해남군완도군진도군
,4600,,완도군 약산면,해남군완도군진도군
,4600,,완도군 청산면,해남군완도군진도군
,4600,,완도군 소안면,해남군완도군진도군
,4600,,완도군 금당면,해남군완도군진도군
,4600,,완도군 보길면,해남군완도군진도군
,4600,,완도군 생일면,해남군완도군진도군
,4600,,해남군 해남읍,해남군완도군진도군
,4600,,해남군 삼산면,해남군완도군진도군
,4600,,해남군 화산면,해남군완도군진도군
,2600,,연제구 거제제2동,연제구
,2600,,연제구 거제제3동,연제구
,2600,,연제구 거제제4동,연제구
,2600,,연제구 연산제1동,연제구
,2600,,연제구 연산제2동,연제구
,2600,,연제구 연산제3동,연제구
,2600,,연제구 연산제4동,연제구
,2600,,연제구 연산제5동,연제구
,2600,,연제구 연산제6동,연제구
,2600,,연제구 연산제8동,연제구
,2600,,연제구 연산제9동,연제구
,2600,,수영구 남천제1동,수영구
,2600,,수영구 남천제2동,수영구
,2600,,수영구 수영동,수영구
,2600,,수영구 망미제1동,수영구
,2600,,수영구 망미제2동,수영구
,2600,,수영구 광안제1동,수영구
,2600,,수영구 광안제2동,수영구
,4700,,상주시 모서면,상주시군위군의성군청송군
,4700,,상주시 화동면,상주시군위군의성군청송군
,4700,,상주시 화서면,상주시군위군의성군청송군
,4700,,상주시 화북면,상주시군위군의성군청송군
,4700,,상주시 외서면,상주시군위군의성군청송군
,4700,,상주시 은척면,상주시군위군의성군청송군
,4700,,상주시 공검면,상주시군위군의성군청송군
,4700,,상주시 이안면,상주시군위군의성군청송군
,4700,,상주시 화남면,상주시군위군의성군청송군
,4700,,상주시 남원동,상주시군위군의성군청송군
,4700,,상주시 북문동,상주시군위군의성군청송군
,4700,,상주시 계림동,상주시군위군의성군청송군
,4700,,상주시 동문동,상주시군위군의성군청송군
,4700,,상주시 동성동,상주시군위군의성군청송군
,4700,,상주시 신흥동,상주시군위군의성군청송군
,4700,,군위군 군위읍,상주시군위군의성군청송군
,4700,,군위군 소보면,상주시군위군의성군청송군
,1100,,성북구 종암동,성북구을
,1100,,성북구 월곡제1동,성북구을
,1100,,성북구 월곡제2동,성북구을
,1100,,성북구 장위제1동,성북구을
,1100,,성북구 장위제2동,성북구을
,1100,,성북구 장위제3동,성북구을
,1100,,성북구 석관동,성북구을
,1100,,강북구 번제1동,강북구갑
,1100,,강북구 번제2동,강북구갑
,1100,,강북구 수유제1동,강북구갑
,1100,,강북구 수유제2동,강북구갑
,1100,,강북구 수유제3동,강북구갑
,1100,,강북구 우이동,강북구갑
,1100,,강북구 인수동,강북구갑
,1100,,강북구 삼양동,강북구을
,1100,,강북구 미아동,강북구을
,1100,,강북구 송중동,강북구을
,1100,,강북구 송천동,강북구을
,1100,,강북구 삼각산동,강북구을
,1100,,강북구 번제3동,강북구을
,1100,,도봉구 쌍문1동,도봉구갑
,4100,,부천시오정구 고강본동,부천시오정구
,4100,,부천시오정구 고강1동,부천시오정구
,4100,,부천시오정구 오정동,부천시오정구
,4100,,부천시오정구 신흥동,부천시오정구
,4100,,광명시 광명1동,광명시갑
,4100,,광명시 광명2동,광명시갑
,4100,,광명시 광명3동,광명시갑
,4100,,광명시 광명4동,광명시갑
,4100,,광명시 광명5동,광명시갑
,4100,,광명시 광명6동,광명시갑
,4100,,광명시 광명7동,광명시갑
,4100,,광명시 철산1동,광명시갑
,4100,,광명시 철산2동,광명시갑
,4100,,광명시 철산4동,광명시갑
,4100,,광명시 철산3동,광명시을
,4100,,광명시 하안1동,광명시을
,4100,,광명시 하안2동,광명시을
,4800,,창녕군 이방면,밀양시의령군함안군창녕군
,4800,,창녕군 유어면,밀양시의령군함안군창녕군
,4800,,창녕군 대지면,밀양시의령군함안군창녕군
,4800,,창녕군 계성면,밀양시의령군함안군창녕군
,4800,,창녕군 영산면,밀양시의령군함안군창녕군
,4800,,창녕군 장마면,밀양시의령군함안군창녕군
,4800,,창녕군 도천면,밀양시의령군함안군창녕군
,4800,,창녕군 길곡면,밀양시의령군함안군창녕군
,4800,,창녕군 부곡면,밀양시의령군함안군창녕군
,4800,,거제시 일운면,거제시
,4800,,거제시 동부면,거제시
,4800,,거제시 남부면,거제시
,4800,,거제시 거제면,거제시
,4800,,거제시 둔덕면,거제시
,4800,,거제시 사등면,거제시
,4800,,거제시 연초면,거제시
,4800,,거제시 하청면,거제시
,4800,,거제시 장목면,거제시
,4800,,거제시 장승포동,거제시
,4800,,거제시 마전동,거제시
,4800,,거제시 능포동,거제시
,4800,,거제시 아주동,거제시
,4800,,거제시 옥포1동,거제시
,4600,,해남군 현산면,해남군완도군진도군
,4600,,해남군 송지면,해남군완도군진도군
,4600,,해남군 북평면,해남군완도군진도군
,4600,,해남군 북일면,해남군완도군진도군
,4600,,해남군 옥천면,해남군완도군진도군
,4600,,해남군 계곡면,해남군완도군진도군
,4600,,해남군 마산면,해남군완도군진도군
,4600,,해남군 황산면,해남군완도군진도군
,4600,,해남군 산이면,해남군완도군진도군
,4600,,해남군 문내면,해남군완도군진도군
,4600,,해남군 화원면,해남군완도군진도군
,4600,,진도군 진도읍,해남군완도군진도군
,4600,,진도군 군내면,해남군완도군진도군
,4600,,진도군 고군면,해남군완도군진도군
,4600,,진도군 의신면,해남군완도군진도군
,4600,,진도군 임회면,해남군완도군진도군
,4600,,진도군 지산면,해남군완도군진도군
,4600,,진도군 조도면,해남군완도군진도군
,4600,,영암군 영암읍,영암군무안군신안군
,2600,,수영구 광안제3동,수영구
,2600,,수영구 광안제4동,수영구
,2600,,수영구 민락동,수영구
,2600,,사상구 삼락동,사상구
,2600,,사상구 모라제1동,사상구
,2600,,사상구 모라제3동,사상구
,2600,,사상구 덕포제1동,사상구
,2600,,사상구 덕포제2동,사상구
,2600,,사상구 괘법동,사상구
,2600,,사상구 감전동,사상구
,2600,,사상구 주례제1동,사상구
,2600,,사상구 주례제2동,사상구
,2600,,사상구 주례제3동,사상구
,2600,,사상구 학장동,사상구
,2600,,사상구 엄궁동,사상구
,2600,,기장군 기장읍,기장군
,2600,,기장군 장안읍,기장군
,2600,,기장군 정관읍,기장군
,2600,,기장군 일광면,기장군
,2600,,기장군 철마면,기장군
,4700,,군위군 효령면,상주시군위군의성군청송군
,4700,,군위군 부계면,상주시군위군의성군청송군
,4700,,군위군 우보면,상주시군위군의성군청송군
,4700,,군위군 의흥면,상주시군위군의성군청송군
,4700,,군위군 산성면,상주시군위군의성군청송군
,4700,,군위군 고로면,상주시군위군의성군청송군
,4700,,의성군 의성읍,상주시군위군의성군청송군
,4700,,의성군 단촌면,상주시군위군의성군청송군
,4700,,의성군 점곡면,상주시군위군의성군청송군
,4700,,의성군 옥산면,상주시군위군의성군청송군
,4700,,의성군 사곡면,상주시군위군의성군청송군
,4700,,의성군 춘산면,상주시군위군의성군청송군
,4700,,의성군 가음면,상주시군위군의성군청송군
,4700,,의성군 금성면,상주시군위군의성군청송군
,4700,,의성군 봉양면,상주시군위군의성군청송군
,4700,,의성군 비안면,상주시군위군의성군청송군
,4700,,의성군 구천면,상주시군위군의성군청송군
,4700,,의성군 단밀면,상주시군위군의성군청송군
,1100,,도봉구 쌍문3동,도봉구갑
,1100,,도봉구 창1동,도봉구갑
,1100,,도봉구 창2동,도봉구갑
,1100,,도봉구 창3동,도봉구갑
,1100,,도봉구 창4동,도봉구갑
,1100,,도봉구 창5동,도봉구갑
,1100,,도봉구 쌍문2동,도봉구을
,1100,,도봉구 쌍문4동,도봉구을
,1100,,도봉구 방학1동,도봉구을
,1100,,도봉구 방학2동,도봉구을
,1100,,도봉구 방학3동,도봉구을
,1100,,도봉구 도봉1동,도봉구을
,1100,,도봉구 도봉2동,도봉구을
,1100,,노원구 월계1동,노원구갑
,1100,,노원구 월계2동,노원구갑
,1100,,노원구 월계3동,노원구갑
,1100,,노원구 공릉1동,노원구갑
,1100,,노원구 공릉2동,노원구갑
,1100,,노원구 하계1동,노원구을
,4100,,광명시 하안3동,광명시을
,4100,,광명시 하안4동,광명시을
,4100,,광명시 소하1동,광명시을
,4100,,광명시 소하2동,광명시을
,4100,,광명시 학온동,광명시을
,4100,,평택시 진위면,평택시갑
,4100,,평택시 서탄면,평택시갑
,4100,,평택시 중앙동,평택시갑
,4100,,평택시 서정동,평택시갑
,4100,,평택시 송탄동,평택시갑
,4100,,평택시 지산동,평택시갑
,4100,,평택시 송북동,평택시갑
,4100,,평택시 신장1동,평택시갑
,4100,,평택시 신장2동,평택시갑
,4100,,평택시 통복동,평택시갑
,4100,,평택시 세교동,평택시갑
,4100,,평택시 팽성읍,평택시을
,4100,,평택시 안중읍,평택시을
,4100,,평택시 포승읍,평택시을
,4800,,거제시 옥포2동,거제시
,4800,,거제시 장평동,거제시
,4800,,거제시 고현동,거제시
,4800,,거제시 상문동,거제시
,4800,,거제시 수양동,거제시
,4800,,양산시 물금읍,양산시갑
,4800,,양산시 원동면,양산시갑
,4800,,양산시 상북면,양산시갑
,4800,,양산시 하북면,양산시갑
,4800,,양산시 중앙동,양산시갑
,4800,,양산시 삼성동,양산시갑
,4800,,양산시 강서동,양산시갑
,4800,,양산시 동면,양산시을
,4800,,양산시 양주동,양산시을
,4800,,양산시 서창동,양산시을
,4600,,영암군 삼호읍,영암군무안군신안군
,4600,,영암군 덕진면,영암군무안군신안군
,4600,,영암군 금정면,영암군무안군신안군
,4600,,영암군 신북면,영암군무안군신안군
,4600,,영암군 시종면,영암군무안군신안군
,4600,,영암군 도포면,영암군무안군신안군
,4600,,영암군 군서면,영암군무안군신안군
,4600,,영암군 서호면,영암군무안군신안군
,4600,,영암군 학산면,영암군무안군신안군
,4600,,영암군 미암면,영암군무안군신안군
,4600,,무안군 무안읍,영암군무안군신안군
,4600,,무안군 일로읍,영암군무안군신안군
,4600,,무안군 삼향읍,영암군무안군신안군
,4600,,무안군 몽탄면,영암군무안군신안군
,4600,,무안군 청계면,영암군무안군신안군
,4600,,무안군 현경면,영암군무안군신안군
,4600,,무안군 망운면,영암군무안군신안군
,4600,,무안군 해제면,영암군무안군신안군
,4700,,의성군 단북면,상주시군위군의성군청송군
,4700,,의성군 안계면,상주시군위군의성군청송군
,4700,,의성군 다인면,상주시군위군의성군청송군
,4700,,의성군 신평면,상주시군위군의성군청송군
,4700,,의성군 안평면,상주시군위군의성군청송군
,4700,,의성군 안사면,상주시군위군의성군청송군
,4700,,청송군 청송읍,상주시군위군의성군청송군
,4700,,청송군 부동면,상주시군위군의성군청송군
,4700,,청송군 부남면,상주시군위군의성군청송군
,4700,,청송군 현동면,상주시군위군의성군청송군
,4700,,청송군 현서면,상주시군위군의성군청송군
,4700,,청송군 안덕면,상주시군위군의성군청송군
,4700,,청송군 파천면,상주시군위군의성군청송군
,4700,,청송군 진보면,상주시군위군의성군청송군
,4700,,경산시 하양읍,경산시
,4700,,경산시 진량읍,경산시
,4700,,경산시 와촌면,경산시
,4700,,경산시 자인면,경산시
,4700,,경산시 용성면,경산시
,4700,,경산시 남산면,경산시
,4700,,경산시 압량면,경산시
,4700,,경산시 남천면,경산시
,1100,,노원구 하계2동,노원구을
,1100,,노원구 중계본동,노원구을
,1100,,노원구 중계1동,노원구을
,1100,,노원구 중계2·3동,노원구을
,1100,,노원구 중계4동,노원구을
,1100,,노원구 상계6·7동,노원구을
,1100,,노원구 상계1동,노원구병
,1100,,노원구 상계2동,노원구병
,1100,,노원구 상계3·4동,노원구병
,1100,,노원구 상계5동,노원구병
,1100,,노원구 상계8동,노원구병
,1100,,노원구 상계9동,노원구병
,1100,,노원구 상계10동,노원구병
,1100,,은평구 녹번동,은평구갑
,1100,,은평구 응암제1동,은평구갑
,1100,,은평구 응암제2동,은평구갑
,1100,,은평구 응암제3동,은평구갑
,1100,,은평구 역촌동,은평구갑
,1100,,은평구 신사제1동,은평구갑
,1100,,은평구 신사제2동,은평구갑
,1100,,은평구 증산동,은평구갑
,4100,,평택시 고덕면,평택시을
,4100,,평택시 오성면,평택시을
,4100,,평택시 청북면,평택시을
,4100,,평택시 현덕면,평택시을
,4100,,평택시 신평동,평택시을
,4100,,평택시 원평동,평택시을
,4100,,평택시 비전1동,평택시을
,4100,,평택시 비전2동,평택시을
,4100,,동두천시 생연1동,동두천시연천군
,4100,,동두천시 생연2동,동두천시연천군
,4100,,동두천시 중앙동,동두천시연천군
,4100,,동두천시 보산동,동두천시연천군
,4100,,동두천시 불현동,동두천시연천군
,4100,,동두천시 송내동,동두천시연천군
,4100,,동두천시 소요동,동두천시연천군
,4100,,동두천시 상패동,동두천시연천군
,4100,,연천군 연천읍,동두천시연천군
,4800,,양산시 소주동,양산시을
,4800,,양산시 평산동,양산시을
,4800,,양산시 덕계동,양산시을
,4800,,함양군 함양읍,산청군함양군거창군합천군
,4800,,함양군 마천면,산청군함양군거창군합천군
,4800,,함양군 휴천면,산청군함양군거창군합천군
,4800,,함양군 유림면,산청군함양군거창군합천군
,4800,,함양군 수동면,산청군함양군거창군합천군
,4800,,함양군 지곡면,산청군함양군거창군합천군
,4800,,함양군 안의면,산청군함양군거창군합천군
,4800,,함양군 서하면,산청군함양군거창군합천군
,4800,,함양군 서상면,산청군함양군거창군합천군
,4800,,함양군 백전면,산청군함양군거창군합천군
,4800,,함양군 병곡면,산청군함양군거창군합천군
,4800,,산청군 산청읍,산청군함양군거창군합천군
,4800,,산청군 차황면,산청군함양군거창군합천군
,4600,,무안군 운남면,영암군무안군신안군
,4600,,신안군 지도읍,영암군무안군신안군
,4600,,신안군 압해읍,영암군무안군신안군
,4600,,신안군 증도면,영암군무안군신안군
,4600,,신안군 임자면,영암군무안군신안군
,4600,,신안군 자은면,영암군무안군신안군
,4600,,신안군 비금면,영암군무안군신안군
,4600,,신안군 도초면,영암군무안군신안군
,4600,,신안군 흑산면,영암군무안군신안군
,4600,,신안군 하의면,영암군무안군신안군
,4600,,신안군 신의면,영암군무안군신안군
,4600,,신안군 장산면,영암군무안군신안군
,4600,,신안군 안좌면,영암군무안군신안군
,4600,,신안군 팔금면,영암군무안군신안군
,4600,,신안군 암태면,영암군무안군신안군
,4700,,경산시 중앙동,경산시
,4700,,경산시 동부동,경산시
,4700,,경산시 서부1동,경산시
,4700,,경산시 서부2동,경산시
,4700,,경산시 남부동,경산시
,4700,,경산시 북부동,경산시
,4700,,경산시 중방동,경산시
,4700,,영양군 영양읍,영양군영덕군봉화군울진군
,4700,,영양군 입암면,영양군영덕군봉화군울진군
,4700,,영양군 청기면,영양군영덕군봉화군울진군
,4700,,영양군 일월면,영양군영덕군봉화군울진군
,4700,,영양군 수비면,영양군영덕군봉화군울진군
,4700,,영양군 석보면,영양군영덕군봉화군울진군
,4700,,영덕군 영덕읍,영양군영덕군봉화군울진군
,4700,,영덕군 강구면,영양군영덕군봉화군울진군
,4700,,영덕군 남정면,영양군영덕군봉화군울진군
,4700,,영덕군 달산면,영양군영덕군봉화군울진군
,1100,,은평구 수색동,은평구갑
,1100,,은평구 불광제1동,은평구을
,1100,,은평구 불광제2동,은평구을
,1100,,은평구 갈현제1동,은평구을
,1100,,은평구 갈현제2동,은평구을
,1100,,은평구 구산동,은평구을
,1100,,은평구 대조동,은평구을
,1100,,은평구 진관동,은평구을
,1100,,서대문구 충현동,서대문구갑
,1100,,서대문구 천연동,서대문구갑
,1100,,서대문구 북아현동,서대문구갑
,1100,,서대문구 신촌동,서대문구갑
,1100,,서대문구 연희동,서대문구갑
,1100,,서대문구 홍제제1동,서대문구갑
,1100,,서대문구 홍제제2동,서대문구갑
,1100,,서대문구 홍제제3동,서대문구을
,4100,,연천군 전곡읍,동두천시연천군
,4100,,연천군 군남면,동두천시연천군
,4100,,연천군 청산면,동두천시연천군
,4100,,연천군 백학면,동두천시연천군
,4100,,연천군 미산면,동두천시연천군
,4100,,연천군 왕징면,동두천시연천군
,4100,,연천군 신서면,동두천시연천군
,4100,,연천군 중면,동두천시연천군
,4100,,연천군 장남면,동두천시연천군
,4100,,안산시상록구 사1동,안산시상록구갑
,4100,,안산시상록구 사2동,안산시상록구갑
,4100,,안산시상록구 사3동,안산시상록구갑
,4100,,안산시상록구 본오1동,안산시상록구갑
,4100,,안산시상록구 본오2동,안산시상록구갑
,4100,,안산시상록구 본오3동,안산시상록구갑
,4100,,안산시상록구 반월동,안산시상록구갑
,4100,,안산시상록구 일동,안산시상록구을
,4800,,산청군 오부면,산청군함양군거창군합천군
,4800,,산청군 생초면,산청군함양군거창군합천군
,4800,,산청군 금서면,산청군함양군거창군합천군
,4800,,산청군 삼장면,산청군함양군거창군합천군
,4800,,산청군 시천면,산청군함양군거창군합천군
,4800,,산청군 단성면,산청군함양군거창군합천군
,4800,,산청군 신안면,산청군함양군거창군합천군
,4800,,산청군 생비량면,산청군함양군거창군합천군
,4800,,산청군 신등면,산청군함양군거창군합천군
,4800,,거창군 거창읍,산청군함양군거창군합천군
,4800,,거창군 주상면,산청군함양군거창군합천군
,4800,,거창군 웅양면,산청군함양군거창군합천군
,4800,,거창군 고제면,산청군함양군거창군합천군
,4800,,거창군 북상면,산청군함양군거창군합천군
,4800,,거창군 위천면,산청군함양군거창군합천군
,4800,,거창군 마리면,산청군함양군거창군합천군
,4800,,거창군 남상면,산청군함양군거창군합천군
,4800,,거창군 남하면,산청군함양군거창군합천군
,4800,,거창군 신원면,산청군함양군거창군합천군
,4800,,거창군 가조면,산청군함양군거창군합천군
,4800,,거창군 가북면,산청군함양군거창군합천군
,4800,,합천군 합천읍,산청군함양군거창군합천군
,4700,,영덕군 지품면,영양군영덕군봉화군울진군
,4700,,영덕군 축산면,영양군영덕군봉화군울진군
,4700,,영덕군 영해면,영양군영덕군봉화군울진군
,4700,,영덕군 병곡면,영양군영덕군봉화군울진군
,4700,,영덕군 창수면,영양군영덕군봉화군울진군
,4700,,봉화군 봉화읍,영양군영덕군봉화군울진군
,4700,,봉화군 물야면,영양군영덕군봉화군울진군
,4700,,봉화군 봉성면,영양군영덕군봉화군울진군
,4700,,봉화군 법전면,영양군영덕군봉화군울진군
,4700,,봉화군 춘양면,영양군영덕군봉화군울진군
,4700,,봉화군 소천면,영양군영덕군봉화군울진군
,4700,,봉화군 석포면,영양군영덕군봉화군울진군
,4700,,봉화군 재산면,영양군영덕군봉화군울진군
,4700,,봉화군 명호면,영양군영덕군봉화군울진군
,4700,,봉화군 상운면,영양군영덕군봉화군울진군
,4700,,울진군 울진읍,영양군영덕군봉화군울진군
,4700,,울진군 평해읍,영양군영덕군봉화군울진군
,4700,,울진군 북면,영양군영덕군봉화군울진군
,4700,,울진군 금강송면,영양군영덕군봉화군울진군
,4700,,울진군 근남면,영양군영덕군봉화군울진군
,4700,,울진군 매화면,영양군영덕군봉화군울진군
,1100,,서대문구 홍은제1동,서대문구을
,1100,,서대문구 홍은제2동,서대문구을
,1100,,서대문구 남가좌제1동,서대문구을
,1100,,서대문구 남가좌제2동,서대문구을
,1100,,서대문구 북가좌제1동,서대문구을
,1100,,서대문구 북가좌제2동,서대문구을
,1100,,마포구 공덕동,마포구갑
,1100,,마포구 아현동,마포구갑
,1100,,마포구 도화동,마포구갑
,1100,,마포구 용강동,마포구갑
,1100,,마포구 대흥동,마포구갑
,1100,,마포구 염리동,마포구갑
,1100,,마포구 신수동,마포구갑
,1100,,마포구 서강동,마포구을
,1100,,마포구 서교동,마포구을
,1100,,마포구 합정동,마포구을
,1100,,마포구 망원1동,마포구을
,1100,,마포구 망원2동,마포구을
,1100,,마포구 연남동,마포구을
,1100,,마포구 성산1동,마포구을
,4100,,안산시상록구 이동,안산시상록구을
,4100,,안산시상록구 부곡동,안산시상록구을
,4100,,안산시상록구 월피동,안산시상록구을
,4100,,안산시상록구 성포동,안산시상록구을
,4100,,안산시상록구 안산동,안산시상록구을
,4100,,안산시단원구 와동,안산시단원구갑
,4100,,안산시단원구 원곡본동,안산시단원구갑
,4100,,안산시단원구 원곡1동,안산시단원구갑
,4100,,안산시단원구 원곡2동,안산시단원구갑
,4100,,안산시단원구 선부1동,안산시단원구갑
,4100,,안산시단원구 선부2동,안산시단원구갑
,4100,,안산시단원구 선부3동,안산시단원구갑
,4100,,안산시단원구 고잔1동,안산시단원구을
,4100,,안산시단원구 고잔2동,안산시단원구을
,4100,,안산시단원구 호수동,안산시단원구을
,4100,,안산시단원구 초지동,안산시단원구을
,4100,,안산시단원구 대부동,안산시단원구을
,4800,,합천군 봉산면,산청군함양군거창군합천군
,4800,,합천군 묘산면,산청군함양군거창군합천군
,4800,,합천군 가야면,산청군함양군거창군합천군
,4800,,합천군 야로면,산청군함양군거창군합천군
,4800,,합천군 율곡면,산청군함양군거창군합천군
,4800,,합천군 초계면,산청군함양군거창군합천군
,4800,,합천군 쌍책면,산청군함양군거창군합천군
,4800,,합천군 덕곡면,산청군함양군거창군합천군
,4800,,합천군 청덕면,산청군함양군거창군합천군
,4800,,합천군 적중면,산청군함양군거창군합천군
,4800,,합천군 대양면,산청군함양군거창군합천군
,4800,,합천군 쌍백면,산청군함양군거창군합천군
,4800,,합천군 삼가면,산청군함양군거창군합천군
,4800,,합천군 가회면,산청군함양군거창군합천군
,4800,,합천군 대병면,산청군함양군거창군합천군
,4800,,합천군 용주면,산청군함양군거창군합천군
,4700,,울진군 기성면,영양군영덕군봉화군울진군
,4700,,울진군 온정면,영양군영덕군봉화군울진군
,4700,,울진군 죽변면,영양군영덕군봉화군울진군
,4700,,울진군 후포면,영양군영덕군봉화군울진군
,4700,,고령군 대가야읍,고령군성주군칠곡군
,4700,,고령군 덕곡면,고령군성주군칠곡군
,4700,,고령군 운수면,고령군성주군칠곡군
,4700,,고령군 성산면,고령군성주군칠곡군
,4700,,고령군 다산면,고령군성주군칠곡군
,4700,,고령군 개진면,고령군성주군칠곡군
,4700,,고령군 우곡면,고령군성주군칠곡군
,4700,,고령군 쌍림면,고령군성주군칠곡군
,4700,,성주군 성주읍,고령군성주군칠곡군
,4700,,성주군 선남면,고령군성주군칠곡군
,4700,,성주군 용암면,고령군성주군칠곡군
,4700,,성주군 수륜면,고령군성주군칠곡군
,4700,,성주군 가천면,고령군성주군칠곡군
,4700,,성주군 금수면,고령군성주군칠곡군
,4700,,성주군 대가면,고령군성주군칠곡군
,4700,,성주군 벽진면,고령군성주군칠곡군
,4700,,성주군 초전면,고령군성주군칠곡군
,4700,,성주군 월항면,고령군성주군칠곡군
,1100,,마포구 성산2동,마포구을
,1100,,마포구 상암동,마포구을
,1100,,양천구 목1동,양천구갑
,1100,,양천구 목2동,양천구갑
,1100,,양천구 목3동,양천구갑
,1100,,양천구 목4동,양천구갑
,1100,,양천구 목5동,양천구갑
,1100,,양천구 신정1동,양천구갑
,1100,,양천구 신정2동,양천구갑
,1100,,양천구 신정6동,양천구갑
,1100,,양천구 신정7동,양천구갑
,1100,,양천구 신월1동,양천구을
,1100,,양천구 신월2동,양천구을
,1100,,양천구 신월3동,양천구을
,1100,,양천구 신월4동,양천구을
,1100,,양천구 신월5동,양천구을
,1100,,양천구 신월6동,양천구을
,1100,,양천구 신월7동,양천구을
,1100,,양천구 신정3동,양천구을
,1100,,양천구 신정4동,양천구을
,1100,,강서구 화곡제1동,강서구갑
,4100,,고양시덕양구 주교동,고양시갑
,4100,,고양시덕양구 원신동,고양시갑
,4100,,고양시덕양구 흥도동,고양시갑
,4100,,고양시덕양구 성사1동,고양시갑
,4100,,고양시덕양구 성사2동,고양시갑
,4100,,고양시덕양구 고양동,고양시갑
,4100,,고양시덕양구 관산동,고양시갑
,4100,,고양시덕양구 화정1동,고양시갑
,4100,,고양시덕양구 화정2동,고양시갑
,4100,,고양시덕양구 식사동,고양시갑
,4100,,고양시덕양구 효자동,고양시을
,4100,,고양시덕양구 신도동,고양시을
,4100,,고양시덕양구 창릉동,고양시을
,4100,,고양시덕양구 능곡동,고양시을
,4100,,고양시덕양구 행주동,고양시을
,4100,,고양시덕양구 행신1동,고양시을
,4100,,고양시덕양구 행신2동,고양시을
,4100,,고양시덕양구 행신3동,고양시을
,4100,,고양시덕양구 화전동,고양시을
,4100,,고양시덕양구 대덕동,고양시을
,4700,,칠곡군 왜관읍,고령군성주군칠곡군
,4700,,칠곡군 북삼읍,고령군성주군칠곡군
,4700,,칠곡군 석적읍,고령군성주군칠곡군
,4700,,칠곡군 지천면,고령군성주군칠곡군
,4700,,칠곡군 동명면,고령군성주군칠곡군
,4700,,칠곡군 가산면,고령군성주군칠곡군
,4700,,칠곡군 약목면,고령군성주군칠곡군
,4700,,칠곡군 기산면,고령군성주군칠곡군
,1100,,강서구 화곡제2동,강서구갑
,1100,,강서구 화곡제3동,강서구갑
,1100,,강서구 화곡제8동,강서구갑
,1100,,강서구 우장산동,강서구갑
,1100,,강서구 발산제1동,강서구갑
,1100,,강서구 등촌제3동,강서구을
,1100,,강서구 가양제1동,강서구을
,1100,,강서구 가양제2동,강서구을
,1100,,강서구 공항동,강서구을
,1100,,강서구 방화제1동,강서구을
,1100,,강서구 방화제2동,강서구을
,1100,,강서구 방화제3동,강서구을
,1100,,강서구 염창동,강서구병
,4100,,고양시일산동구 중산동,고양시병
,4100,,고양시일산동구 정발산동,고양시병
,4100,,고양시일산동구 풍산동,고양시병
,4100,,고양시일산동구 백석1동,고양시병
,4100,,고양시일산동구 백석2동,고양시병
,4100,,고양시일산동구 마두1동,고양시병
,4100,,고양시일산동구 마두2동,고양시병
,4100,,고양시일산동구 장항1동,고양시병
,4100,,고양시일산동구 장항2동,고양시병
,4100,,고양시일산동구 고봉동,고양시병
,4100,,고양시일산동구 일산2동,고양시병
,4100,,고양시일산서구 일산1동,고양시정
,4100,,고양시일산서구 일산3동,고양시정
,4100,,고양시일산서구 탄현동,고양시정
,1100,,강서구 등촌제1동,강서구병
,1100,,강서구 등촌제2동,강서구병
,1100,,강서구 화곡본동,강서구병
,1100,,강서구 화곡제4동,강서구병
,1100,,강서구 화곡제6동,강서구병
,1100,,강서구 가양제3동,강서구병
,1100,,구로구 고척제1동,구로구갑
,1100,,구로구 고척제2동,구로구갑
,1100,,구로구 개봉제1동,구로구갑
,1100,,구로구 개봉제2동,구로구갑
,1100,,구로구 개봉제3동,구로구갑
,1100,,구로구 오류제1동,구로구갑
,1100,,구로구 오류제2동,구로구갑
,1100,,구로구 수궁동,구로구갑
,1100,,구로구 신도림동,구로구을
,1100,,구로구 구로제1동,구로구을
,1100,,구로구 구로제2동,구로구을
,1100,,구로구 구로제3동,구로구을
,1100,,구로구 구로제4동,구로구을
,1100,,구로구 구로제5동,구로구을
,1100,,구로구 가리봉동,구로구을
,1100,,금천구 가산동,금천구
,4100,,고양시일산서구 주엽1동,고양시정
,4100,,고양시일산서구 주엽2동,고양시정
,4100,,고양시일산서구 대화동,고양시정
,4100,,고양시일산서구 송포동,고양시정
,4100,,고양시일산서구 송산동,고양시정
,4100,,과천시 중앙동,의왕시과천시
,4100,,과천시 갈현동,의왕시과천시
,4100,,과천시 별양동,의왕시과천시
,4100,,과천시 부림동,의왕시과천시
,4100,,과천시 과천동,의왕시과천시
,4100,,과천시 문원동,의왕시과천시
,4100,,의왕시 고천동,의왕시과천시
,4100,,의왕시 부곡동,의왕시과천시
,4100,,의왕시 오전동,의왕시과천시
,1100,,금천구 독산제1동,금천구
,1100,,금천구 독산제2동,금천구
,1100,,금천구 독산제3동,금천구
,1100,,금천구 독산제4동,금천구
,1100,,금천구 시흥제1동,금천구
,1100,,금천구 시흥제2동,금천구
,1100,,금천구 시흥제3동,금천구
,1100,,금천구 시흥제4동,금천구
,1100,,금천구 시흥제5동,금천구
,1100,,영등포구 영등포본동,영등포구갑
,1100,,영등포구 영등포동,영등포구갑
,1100,,영등포구 당산제1동,영등포구갑
,1100,,영등포구 당산제2동,영등포구갑
,1100,,영등포구 도림동,영등포구갑
,1100,,영등포구 문래동,영등포구갑
,1100,,영등포구 양평제1동,영등포구갑
,1100,,영등포구 양평제2동,영등포구갑
,1100,,영등포구 신길제3동,영등포구갑
,1100,,영등포구 여의동,영등포구을
,4100,,의왕시 내손1동,의왕시과천시
,4100,,의왕시 내손2동,의왕시과천시
,4100,,의왕시 청계동,의왕시과천시
,4100,,구리시 갈매동,구리시
,4100,,구리시 동구동,구리시
,4100,,구리시 인창동,구리시
,4100,,구리시 교문1동,구리시
,4100,,구리시 교문2동,구리시
,4100,,구리시 수택1동,구리시
,4100,,구리시 수택2동,구리시
,4100,,구리시 수택3동,구리시
,4100,,남양주시 화도읍,남양주시갑
,4100,,남양주시 수동면,남양주시갑
,4100,,남양주시 호평동,남양주시갑
,4100,,남양주시 평내동,남양주시갑
,4100,,남양주시 진접읍,남양주시을
,1100,,영등포구 신길제1동,영등포구을
,1100,,영등포구 신길제4동,영등포구을
,1100,,영등포구 신길제5동,영등포구을
,1100,,영등포구 신길제6동,영등포구을
,1100,,영등포구 신길제7동,영등포구을
,1100,,영등포구 대림제1동,영등포구을
,1100,,영등포구 대림제2동,영등포구을
,1100,,영등포구 대림제3동,영등포구을
,1100,,동작구 노량진제1동,동작구갑
,1100,,동작구 노량진제2동,동작구갑
,1100,,동작구 상도제2동,동작구갑
,1100,,동작구 상도제3동,동작구갑
,1100,,동작구 상도제4동,동작구갑
,1100,,동작구 대방동,동작구갑
,1100,,동작구 신대방제1동,동작구갑
,1100,,동작구 신대방제2동,동작구갑
,1100,,동작구 상도제1동,동작구을
,4100,,남양주시 오남읍,남양주시을
,4100,,남양주시 별내면,남양주시을
,4100,,남양주시 별내동,남양주시을
,4100,,남양주시 와부읍,남양주시병
,4100,,남양주시 진건읍,남양주시병
,4100,,남양주시 퇴계원면,남양주시병
,4100,,남양주시 조안면,남양주시병
,4100,,남양주시 금곡동,남양주시병
,4100,,남양주시 양정동,남양주시병
,4100,,남양주시 지금동,남양주시병
,4100,,남양주시 도농동,남양주시병
,4100,,오산시 중앙동,오산시
,4100,,오산시 대원동,오산시
,4100,,오산시 남촌동,오산시
,4100,,오산시 신장동,오산시
,4100,,오산시 세마동,오산시
,4100,,오산시 초평동,오산시
,4100,,시흥시 대야동,시흥시갑
,4100,,시흥시 신천동,시흥시갑
,4100,,시흥시 신현동,시흥시갑
,1100,,동작구 흑석동,동작구을
,1100,,동작구 사당제1동,동작구을
,1100,,동작구 사당제2동,동작구을
,1100,,동작구 사당제3동,동작구을
,1100,,동작구 사당제4동,동작구을
,1100,,동작구 사당제5동,동작구을
,1100,,관악구 보라매동,관악구갑
,1100,,관악구 은천동,관악구갑
,1100,,관악구 성현동,관악구갑
,1100,,관악구 중앙동,관악구갑
,1100,,관악구 청림동,관악구갑
,1100,,관악구 행운동,관악구갑
,1100,,관악구 청룡동,관악구갑
,1100,,관악구 낙성대동,관악구갑
,1100,,관악구 인헌동,관악구갑
,1100,,관악구 남현동,관악구갑
,1100,,관악구 신림동,관악구갑
,1100,,관악구 신사동,관악구을
,1100,,관악구 조원동,관악구을
,4100,,시흥시 은행동,시흥시갑
,4100,,시흥시 매화동,시흥시갑
,4100,,시흥시 목감동,시흥시갑
,4100,,시흥시 과림동,시흥시갑
,4100,,시흥시 연성동,시흥시갑
,4100,,시흥시 능곡동,시흥시갑
,4100,,시흥시 장곡동,시흥시갑
,4100,,시흥시 군자동,시흥시을
,4100,,시흥시 정왕본동,시흥시을
,4100,,시흥시 정왕1동,시흥시을
,4100,,시흥시 정왕2동,시흥시을
,4100,,시흥시 정왕3동,시흥시을
,4100,,시흥시 정왕4동,시흥시을
,4100,,시흥시 월곶동,시흥시을
,4100,,군포시 군포1동,군포시갑
,4100,,군포시 군포2동,군포시갑
,4100,,군포시 산본1동,군포시갑
,1100,,관악구 미성동,관악구을
,1100,,관악구 난곡동,관악구을
,1100,,관악구 난향동,관악구을
,1100,,관악구 서원동,관악구을
,1100,,관악구 신원동,관악구을
,1100,,관악구 서림동,관악구을
,1100,,관악구 삼성동,관악구을
,1100,,관악구 대학동,관악구을
,1100,,서초구 잠원동,서초구갑
,1100,,서초구 반포본동,서초구갑
,1100,,서초구 반포1동,서초구갑
,1100,,서초구 반포2동,서초구갑
,1100,,서초구 반포3동,서초구갑
,1100,,서초구 반포4동,서초구갑
,1100,,서초구 방배본동,서초구갑
,1100,,서초구 방배1동,서초구갑
,1100,,서초구 방배4동,서초구갑
,1100,,서초구 서초1동,서초구을
,4100,,군포시 금정동,군포시갑
,4100,,군포시 대야동,군포시갑
,4100,,군포시 산본2동,군포시을
,4100,,군포시 재궁동,군포시을
,4100,,군포시 오금동,군포시을
,4100,,군포시 수리동,군포시을
,4100,,군포시 궁내동,군포시을
,4100,,군포시 광정동,군포시을
,4100,,하남시 천현동,하남시
,4100,,하남시 신장1동,하남시
,4100,,하남시 신장2동,하남시
,4100,,하남시 덕풍1동,하남시
,4100,,하남시 덕풍2동,하남시
,4100,,하남시 덕풍3동,하남시
,4100,,하남시 풍산동,하남시
,4100,,하남시 미사1동,하남시
,4100,,하남시 미사2동,하남시
,4100,,하남시 감북동,하남시
,4100,,하남시 위례동,하남시
,4100,,하남시 춘궁동,하남시
,4100,,하남시 초이동,하남시
,1100,,서초구 서초2동,서초구을
,1100,,서초구 서초3동,서초구을
,1100,,서초구 서초4동,서초구을
,1100,,서초구 방배2동,서초구을
,1100,,서초구 방배3동,서초구을
,1100,,서초구 양재1동,서초구을
,1100,,서초구 양재2동,서초구을
,1100,,서초구 내곡동,서초구을
,1100,,강남구 신사동,강남구갑
,1100,,강남구 논현1동,강남구갑
,1100,,강남구 논현2동,강남구갑
,1100,,강남구 압구정동,강남구갑
,1100,,강남구 청담동,강남구갑
,1100,,강남구 역삼1동,강남구갑
,1100,,강남구 역삼2동,강남구갑
,1100,,강남구 개포1동,강남구을
,1100,,강남구 개포2동,강남구을
,4100,,용인시처인구 포곡읍,용인시갑
,4100,,용인시처인구 모현면,용인시갑
,4100,,용인시처인구 남사면,용인시갑
,4100,,용인시처인구 이동면,용인시갑
,4100,,용인시처인구 원삼면,용인시갑
,4100,,용인시처인구 백암면,용인시갑
,4100,,용인시처인구 양지면,용인시갑
,4100,,용인시처인구 중앙동,용인시갑
,4100,,용인시처인구 역삼동,용인시갑
,4100,,용인시처인구 유림동,용인시갑
,4100,,용인시처인구 동부동,용인시갑
,4100,,용인시기흥구 신갈동,용인시을
,4100,,용인시기흥구 영덕동,용인시을
,4100,,용인시기흥구 구갈동,용인시을
,4100,,용인시기흥구 상갈동,용인시을
,4100,,용인시기흥구 기흥동,용인시을
,4100,,용인시기흥구 서농동,용인시을
,4100,,용인시기흥구 상하동,용인시을
,4100,,용인시수지구 풍덕천1동,용인시병
,4100,,용인시수지구 풍덕천2동,용인시병
,4100,,용인시수지구 신봉동,용인시병
,4100,,용인시수지구 동천동,용인시병
,1100,,강남구 개포4동,강남구을
,1100,,강남구 일원본동,강남구을
,1100,,강남구 일원1동,강남구을
,1100,,강남구 일원2동,강남구을
,1100,,강남구 수서동,강남구을
,1100,,강남구 세곡동,강남구을
,1100,,강남구 삼성1동,강남구병
,1100,,강남구 삼성2동,강남구병
,1100,,강남구 대치1동,강남구병
,1100,,강남구 대치2동,강남구병
,1100,,강남구 대치4동,강남구병
,1100,,강남구 도곡1동,강남구병
,1100,,강남구 도곡2동,강남구병
,1100,,송파구 풍납1동,송파구갑
,1100,,송파구 풍납2동,송파구갑
,1100,,송파구 방이1동,송파구갑
,4100,,용인시수지구 상현1동,용인시병
,4100,,용인시수지구 상현2동,용인시병
,4100,,용인시수지구 성복동,용인시병
,4100,,용인시기흥구 구성동,용인시정
,4100,,용인시기흥구 마북동,용인시정
,4100,,용인시기흥구 동백동,용인시정
,4100,,용인시기흥구 보정동,용인시정
,4100,,용인시기흥구 죽전1동,용인시정
,4100,,용인시기흥구 죽전2동,용인시정
,4100,,파주시 조리읍,파주시갑
,4100,,파주시 광탄면,파주시갑
,4100,,파주시 탄현면,파주시갑
,4100,,파주시 교하동,파주시갑
,4100,,파주시 운정1동,파주시갑
,4100,,파주시 운정2동,파주시갑
,1100,,송파구 방이2동,송파구갑
,1100,,송파구 오륜동,송파구갑
,1100,,송파구 송파1동,송파구갑
,1100,,송파구 송파2동,송파구갑
,1100,,송파구 잠실4동,송파구갑
,1100,,송파구 잠실6동,송파구갑
,1100,,송파구 석촌동,송파구을
,1100,,송파구 삼전동,송파구을
,1100,,송파구 가락1동,송파구을
,1100,,송파구 문정2동,송파구을
,1100,,송파구 잠실본동,송파구을
,1100,,송파구 잠실2동,송파구을
,1100,,송파구 잠실3동,송파구을
,1100,,송파구 잠실7동,송파구을
,1100,,송파구 거여1동,송파구병
,1100,,송파구 거여2동,송파구병
,1100,,송파구 마천1동,송파구병
,1100,,송파구 마천2동,송파구병
,1100,,송파구 오금동,송파구병
,1100,,송파구 가락본동,송파구병
,1100,,송파구 가락2동,송파구병
,1100,,송파구 문정1동,송파구병
,1100,,송파구 장지동,송파구병
,4100,,파주시 운정3동,파주시갑
,4100,,파주시 문산읍,파주시을
,4100,,파주시 법원읍,파주시을
,4100,,파주시 파주읍,파주시을
,4100,,파주시 월롱면,파주시을
,4100,,파주시 적성면,파주시을
,4100,,파주시 파평면,파주시을
,4100,,파주시 군내면,파주시을
,4100,,파주시 진동면,파주시을
,4100,,파주시 금촌1동,파주시을
,4100,,파주시 금촌2동,파주시을
,4100,,파주시 금촌3동,파주시을
,4100,,이천시 장호원읍,이천시
,4100,,이천시 부발읍,이천시
,4100,,이천시 신둔면,이천시
,4100,,이천시 백사면,이천시
,4100,,이천시 호법면,이천시
,4100,,이천시 마장면,이천시
,1100,,송파구 위례동,송파구병
,1100,,강동구 강일동,강동구갑
,1100,,강동구 상일동,강동구갑
,1100,,강동구 명일제1동,강동구갑
,1100,,강동구 명일제2동,강동구갑
,1100,,강동구 고덕제1동,강동구갑
,1100,,강동구 고덕제2동,강동구갑
,1100,,강동구 암사제1동,강동구갑
,1100,,강동구 암사제2동,강동구갑
,1100,,강동구 암사제3동,강동구갑
,1100,,강동구 길동,강동구갑
,1100,,강동구 천호제1동,강동구을
,1100,,강동구 천호제2동,강동구을
,1100,,강동구 천호제3동,강동구을
,1100,,강동구 성내제1동,강동구을
,1100,,강동구 성내제2동,강동구을
,1100,,강동구 성내제3동,강동구을
,1100,,강동구 둔촌제1동,강동구을
,1100,,강동구 둔촌제2동,강동구을
,4100,,이천시 대월면,이천시
,4100,,이천시 모가면,이천시
,4100,,이천시 설성면,이천시
,4100,,이천시 율면,이천시
,4100,,이천시 창전동,이천시
,4100,,이천시 증포동,이천시
,4100,,이천시 중리동,이천시
,4100,,이천시 관고동,이천시
,4100,,안성시 공도읍,안성시
,4100,,안성시 보개면,안성시
,4100,,안성시 금광면,안성시
,4100,,안성시 서운면,안성시
,4100,,안성시 미양면,안성시
,4100,,안성시 대덕면,안성시
,4100,,안성시 양성면,안성시
,4100,,안성시 원곡면,안성시
,4100,,안성시 일죽면,안성시
,4100,,안성시 죽산면,안성시
,4100,,안성시 삼죽면,안성시
,4100,,안성시 고삼면,안성시
,4100,,안성시 안성1동,안성시
,4100,,안성시 안성2동,안성시
,4100,,안성시 안성3동,안성시
,4100,,김포시 고촌읍,김포시갑
,4100,,김포시 김포1동,김포시갑
,4100,,김포시 사우동,김포시갑
,4100,,김포시 풍무동,김포시갑
,4100,,김포시 장기동,김포시갑
,4100,,김포시 통진읍,김포시을
,4100,,김포시 양촌읍,김포시을
,4100,,김포시 대곶면,김포시을
,4100,,김포시 월곶면,김포시을
,4100,,김포시 하성면,김포시을
,4100,,김포시 김포2동,김포시을
,4100,,김포시 구래동,김포시을
,4100,,김포시 운양동,김포시을
,4100,,화성시 우정읍,화성시갑
,4100,,화성시 향남읍,화성시갑
,4100,,화성시 남양읍,화성시갑
,4100,,화성시 매송면,화성시갑
,4100,,화성시 비봉면,화성시갑
,4100,,화성시 마도면,화성시갑
,4100,,화성시 송산면,화성시갑
,4100,,화성시 서신면,화성시갑
,4100,,화성시 팔탄면,화성시갑
,4100,,화성시 장안면,화성시갑
,4100,,화성시 양감면,화성시갑
,4100,,화성시 정남면,화성시갑
,4100,,화성시 동탄면,화성시을
,4100,,화성시 동탄1동,화성시을
,4100,,화성시 동탄2동,화성시을
,4100,,화성시 동탄3동,화성시을
,4100,,화성시 동탄4동,화성시을
,4100,,화성시 봉담읍,화성시병
,4100,,화성시 진안동,화성시병
,4100,,화성시 병점1동,화성시병
,4100,,화성시 병점2동,화성시병
,4100,,화성시 반월동,화성시병
,4100,,화성시 기배동,화성시병
,4100,,화성시 화산동,화성시병
,4100,,광주시 퇴촌면,광주시갑
,4100,,광주시 남종면,광주시갑
,4100,,광주시 남한산성면,광주시갑
,4100,,광주시 경안동,광주시갑
,4100,,광주시 송정동,광주시갑
,4100,,광주시 광남동,광주시갑
,4100,,광주시 오포읍,광주시을
,4100,,광주시 초월읍,광주시을
,4100,,광주시 곤지암읍,광주시을
,4100,,광주시 도척면,광주시을
,4100,,양주시 백석읍,양주시
,4100,,양주시 은현면,양주시
,4100,,양주시 남면,양주시
,4100,,양주시 광적면,양주시
,4100,,양주시 장흥면,양주시
,4100,,양주시 양주1동,양주시
,4100,,양주시 양주2동,양주시
,4100,,양주시 회천1동,양주시
,4100,,양주시 회천2동,양주시
,4100,,양주시 회천3동,양주시
,4100,,양주시 회천4동,양주시
,4100,,포천시 소흘읍,포천시가평군
,4100,,포천시 군내면,포천시가평군
,4100,,포천시 내촌면,포천시가평군
,4100,,포천시 가산면,포천시가평군
,4100,,포천시 신북면,포천시가평군
,4100,,포천시 창수면,포천시가평군
,4100,,포천시 영중면,포천시가평군
,4100,,포천시 일동면,포천시가평군
,4100,,포천시 이동면,포천시가평군
,4100,,포천시 영북면,포천시가평군
,4100,,포천시 관인면,포천시가평군
,4100,,포천시 화현면,포천시가평군
,4100,,포천시 포천동,포천시가평군
,4100,,포천시 선단동,포천시가평군
,4100,,가평군 가평읍,포천시가평군
,4100,,가평군 설악면,포천시가평군
,4100,,가평군 청평면,포천시가평군
,4100,,가평군 상면,포천시가평군
,4100,,가평군 조종면,포천시가평군
,4100,,가평군 북면,포천시가평군
,4100,,여주시 가남읍,여주시양평군
,4100,,여주시 점동면,여주시양평군
,4100,,여주시 능서면,여주시양평군
,4100,,여주시 흥천면,여주시양평군
,4100,,여주시 금사면,여주시양평군
,4100,,여주시 산북면,여주시양평군
,4100,,여주시 대신면,여주시양평군
,4100,,여주시 북내면,여주시양평군
,4100,,여주시 강천면,여주시양평군
,4100,,여주시 여흥동,여주시양평군
,4100,,여주시 중앙동,여주시양평군
,4100,,여주시 오학동,여주시양평군
,4100,,양평군 양평읍,여주시양평군
,4100,,양평군 강상면,여주시양평군
,4100,,양평군 강하면,여주시양평군
,4100,,양평군 양서면,여주시양평군
,4100,,양평군 옥천면,여주시양평군
,4100,,양평군 서종면,여주시양평군
,4100,,양평군 단월면,여주시양평군
,4100,,양평군 청운면,여주시양평군
,4100,,양평군 양동면,여주시양평군
,4100,,양평군 지평면,여주시양평군
,4100,,양평군 용문면,여주시양평군
,4100,,양평군 개군면,여주시양평군
